symbol,date,close,prediction,probability,confidence
NSE:20MICRONS-EQ,2025-01-30,193.31,1.0,0.58,0.58
NSE:360ONE-EQ,2025-01-30,1007.15,1.0,0.57,0.57
NSE:3IINFOLTD-EQ,2025-01-30,29.48,1.0,0.55,0.55
NSE:63MOONS-EQ,2025-01-30,740.2,1.0,0.58,0.58
NSE:A2ZINFRA-BE,2025-01-30,20.0,1.0,0.57,0.57
NSE:AADHARHFC-EQ,2025-01-30,387.4,1.0,0.61,0.61
NSE:AARTIDRUGS-EQ,2025-01-30,407.95,1.0,0.54,0.54
NSE:AARTIIND-EQ,2025-01-30,438.0,1.0,0.62,0.62
NSE:AARTIPHARM-EQ,2025-01-30,586.9,1.0,0.58,0.58
NSE:AAVAS-EQ,2025-01-30,1703.85,1.0,0.58,0.58
NSE:ABAN-EQ,2025-01-30,43.61,1.0,0.59,0.59
NSE:ABB-EQ,2025-01-30,5719.35,1.0,0.54,0.54
NSE:ABCAPITAL-EQ,2025-01-30,177.18,1.0,0.56,0.56
NSE:ABDL-EQ,2025-01-30,394.4,1.0,0.53,0.53
NSE:ABFRL-EQ,2025-01-30,265.7,1.0,0.57,0.57
NSE:ABREL-EQ,2025-01-30,1990.75,1.0,0.59,0.59
NSE:ABSLAMC-EQ,2025-01-30,654.7,1.0,0.58,0.58
NSE:ABSLBANETF-EQ,2025-01-30,49.99,1.0,0.56,0.56
NSE:ACC-EQ,2025-01-30,1993.5,1.0,0.58,0.58
NSE:ACE-EQ,2025-01-30,1293.6,1.0,0.61,0.61
NSE:ACI-EQ,2025-01-30,605.45,1.0,0.55,0.55
NSE:ACLGATI-EQ,2025-01-30,68.4,1.0,0.62,0.62
NSE:ACMESOLAR-EQ,2025-01-30,210.35,1.0,0.57,0.57
NSE:ACUTAAS-EQ,2025-01-30,1179.33,1.0,0.53,0.53
NSE:ADANIENSOL-EQ,2025-01-30,740.25,1.0,0.58,0.58
NSE:ADANIENT-EQ,2025-01-30,2252.6,1.0,0.55,0.55
NSE:ADANIGREEN-EQ,2025-01-30,971.85,1.0,0.58,0.58
NSE:ADANIPORTS-EQ,2025-01-30,1077.05,1.0,0.6,0.6
NSE:ADANIPOWER-EQ,2025-01-30,508.8,1.0,0.59,0.59
NSE:ADFFOODS-EQ,2025-01-30,264.95,1.0,0.54,0.54
NSE:ADSL-EQ,2025-01-30,230.51,1.0,0.59,0.59
NSE:ADVENZYMES-EQ,2025-01-30,329.75,1.0,0.59,0.59
NSE:AEGISLOG-EQ,2025-01-30,693.9,1.0,0.58,0.58
NSE:AEROENTER-EQ,2025-01-30,114.69,1.0,0.59,0.59
NSE:AEROFLEX-EQ,2025-01-30,231.33,1.0,0.58,0.58
NSE:AFCONS-EQ,2025-01-30,453.1,1.0,0.55,0.55
NSE:AFFLE-EQ,2025-01-30,1499.85,1.0,0.59,0.59
NSE:AGI-EQ,2025-01-30,736.2,1.0,0.54,0.54
NSE:AGROPHOS-EQ,2025-01-30,40.03,1.0,0.57,0.57
NSE:AGSTRA-BE,2025-01-30,53.61,1.0,0.61,0.61
NSE:AHLUCONT-EQ,2025-01-30,826.6,1.0,0.51,0.51
NSE:AIIL-EQ,2025-01-30,1641.4,1.0,0.53,0.53
NSE:AIRAN-EQ,2025-01-30,30.2,1.0,0.61,0.61
NSE:AJANTPHARM-EQ,2025-01-30,2676.85,1.0,0.55,0.55
NSE:AJMERA-EQ,2025-01-30,941.2,1.0,0.55,0.55
NSE:AKUMS-EQ,2025-01-30,557.95,1.0,0.55,0.55
NSE:ALANKIT-EQ,2025-01-30,19.58,1.0,0.52,0.52
NSE:ALEMBICLTD-EQ,2025-01-30,115.5,1.0,0.51,0.51
NSE:ALIVUS-EQ,2025-01-30,1167.0,1.0,0.57,0.57
NSE:ALKEM-EQ,2025-01-30,5050.4,1.0,0.59,0.59
NSE:ALLCARGO-EQ,2025-01-30,41.74,1.0,0.59,0.59
NSE:ALOKINDS-EQ,2025-01-30,18.3,1.0,0.59,0.59
NSE:ALPHA-EQ,2025-01-30,46.54,1.0,0.58,0.58
NSE:ALPHAETF-EQ,2025-01-30,23.0,1.0,0.56,0.56
NSE:ALPL30IETF-EQ,2025-01-30,26.66,1.0,0.56,0.56
NSE:AMBER-EQ,2025-01-30,6326.0,1.0,0.54,0.54
NSE:AMBUJACEM-EQ,2025-01-30,509.55,1.0,0.58,0.58
NSE:AMJLAND-EQ,2025-01-30,55.09,1.0,0.6,0.6
NSE:ANANDRATHI-EQ,2025-01-30,1817.18,0.0,0.5,0.5
NSE:ANANTRAJ-EQ,2025-01-30,561.4,1.0,0.55,0.55
NSE:ANDHRAPAP-EQ,2025-01-30,86.13,1.0,0.57,0.57
NSE:ANDHRSUGAR-EQ,2025-01-30,84.88,1.0,0.58,0.58
NSE:ANGELONE-EQ,2025-01-30,2277.8,1.0,0.61,0.61
NSE:ANMOL-EQ,2025-01-30,21.95,1.0,0.62,0.62
NSE:ANUHPHR-EQ,2025-01-30,97.18,1.0,0.59,0.59
NSE:ANURAS-EQ,2025-01-30,678.55,0.0,0.5,0.5
NSE:APARINDS-EQ,2025-01-30,7430.15,1.0,0.56,0.56
NSE:APEX-EQ,2025-01-30,245.2,1.0,0.62,0.62
NSE:APLAPOLLO-EQ,2025-01-30,1475.9,1.0,0.56,0.56
NSE:APLLTD-EQ,2025-01-30,911.1,1.0,0.6,0.6
NSE:APOLLO-EQ,2025-01-30,130.59,1.0,0.52,0.52
NSE:APOLLOHOSP-EQ,2025-01-30,6824.65,1.0,0.6,0.6
NSE:APOLLOTYRE-EQ,2025-01-30,432.8,1.0,0.59,0.59
NSE:APTECHT-BE,2025-01-30,159.41,1.0,0.62,0.62
NSE:APTUS-EQ,2025-01-30,296.9,1.0,0.62,0.62
NSE:ARE&M-EQ,2025-01-30,1027.8,1.0,0.61,0.61
NSE:ARIHANTCAP-EQ,2025-01-30,91.49,0.0,0.5,0.5
NSE:ARIHANTSUP-EQ,2025-01-30,484.25,1.0,0.56,0.56
NSE:ARKADE-EQ,2025-01-30,155.27,1.0,0.6,0.6
NSE:ARTEMISMED-EQ,2025-01-30,306.0,1.0,0.56,0.56
NSE:ARVIND-EQ,2025-01-30,334.8,1.0,0.55,0.55
NSE:ARVINDFASN-EQ,2025-01-30,471.05,1.0,0.56,0.56
NSE:ARVSMART-EQ,2025-01-30,763.75,1.0,0.57,0.57
NSE:ASAHIINDIA-EQ,2025-01-30,648.85,1.0,0.59,0.59
NSE:ASALCBR-EQ,2025-01-30,1293.6,1.0,0.53,0.53
NSE:ASHAPURMIN-EQ,2025-01-30,473.15,1.0,0.57,0.57
NSE:ASHIANA-EQ,2025-01-30,317.05,1.0,0.59,0.59
NSE:ASHIMASYN-BE,2025-01-30,28.53,1.0,0.59,0.59
NSE:ASHOKA-EQ,2025-01-30,247.9,1.0,0.55,0.55
NSE:ASHOKLEY-EQ,2025-01-30,105.17,1.0,0.62,0.62
NSE:ASIANENE-EQ,2025-01-30,308.85,1.0,0.55,0.55
NSE:ASIANPAINT-EQ,2025-01-30,2249.85,1.0,0.58,0.58
NSE:ASIANTILES-BE,2025-01-30,59.12,1.0,0.57,0.57
NSE:ASKAUTOLTD-EQ,2025-01-30,449.1,1.0,0.58,0.58
NSE:ASMS-EQ,2025-01-30,19.38,1.0,0.58,0.58
NSE:ASTERDM-EQ,2025-01-30,485.1,1.0,0.58,0.58
NSE:ASTRAL-EQ,2025-01-30,1467.75,1.0,0.61,0.61
NSE:ASTRAMICRO-EQ,2025-01-30,712.45,1.0,0.6,0.6
NSE:ATGL-EQ,2025-01-30,641.5,1.0,0.59,0.59
NSE:ATL-EQ,2025-01-30,32.07,1.0,0.57,0.57
NSE:AUBANK-EQ,2025-01-30,596.15,1.0,0.59,0.59
NSE:AURIONPRO-EQ,2025-01-30,1529.7,1.0,0.52,0.52
NSE:AUROPHARMA-EQ,2025-01-30,1183.15,1.0,0.61,0.61
NSE:AURUM-EQ,2025-01-30,214.59,1.0,0.53,0.53
NSE:AUTOBEES-EQ,2025-01-30,230.07,1.0,0.56,0.56
NSE:AUTOIETF-EQ,2025-01-30,23.0,1.0,0.57,0.57
NSE:AVADHSUGAR-EQ,2025-01-30,439.7,1.0,0.58,0.58
NSE:AVALON-EQ,2025-01-30,628.85,1.0,0.53,0.53
NSE:AVANTEL-EQ,2025-01-30,125.73,1.0,0.58,0.58
NSE:AVANTIFEED-EQ,2025-01-30,696.05,1.0,0.62,0.62
NSE:AVL-EQ,2025-01-30,438.2,1.0,0.54,0.54
NSE:AVONMORE-EQ,2025-01-30,23.53,1.0,0.58,0.58
NSE:AVTNPL-EQ,2025-01-30,77.3,1.0,0.51,0.51
NSE:AWFIS-EQ,2025-01-30,656.85,1.0,0.53,0.53
NSE:AWHCL-EQ,2025-01-30,595.55,1.0,0.53,0.53
NSE:AWL-EQ,2025-01-30,258.85,1.0,0.61,0.61
NSE:AXISBANK-EQ,2025-01-30,984.7,1.0,0.57,0.57
NSE:AXISGOLD-EQ,2025-01-30,68.63,1.0,0.57,0.57
NSE:AYMSYNTEX-EQ,2025-01-30,211.86,1.0,0.56,0.56
NSE:AZAD-EQ,2025-01-30,1497.15,1.0,0.52,0.52
NSE:BAJAJ-AUTO-EQ,2025-01-30,8747.8,1.0,0.6,0.6
NSE:BAJAJCON-EQ,2025-01-30,185.44,1.0,0.59,0.59
NSE:BAJAJFINSV-EQ,2025-01-30,1745.2,1.0,0.51,0.51
NSE:BAJAJHCARE-EQ,2025-01-30,641.9,1.0,0.58,0.58
NSE:BAJAJHFL-EQ,2025-01-30,114.78,1.0,0.6,0.6
NSE:BAJAJHIND-EQ,2025-01-30,27.39,1.0,0.59,0.59
NSE:BAJAJHLDNG-EQ,2025-01-30,11206.05,1.0,0.52,0.52
NSE:BAJEL-BE,2025-01-30,226.35,1.0,0.62,0.62
NSE:BAJFINANCE-EQ,2025-01-30,790.17,0.0,0.5,0.5
NSE:BALAJEE-EQ,2025-01-30,66.17,1.0,0.62,0.62
NSE:BALAMINES-EQ,2025-01-30,1682.7,1.0,0.59,0.59
NSE:BALKRISHNA-EQ,2025-01-30,22.89,1.0,0.59,0.59
NSE:BALKRISIND-EQ,2025-01-30,2764.7,1.0,0.56,0.56
NSE:BALMLAWRIE-EQ,2025-01-30,190.78,1.0,0.58,0.58
NSE:BALRAMCHIN-EQ,2025-01-30,470.2,1.0,0.54,0.54
NSE:BALUFORGE-BE,2025-01-30,562.35,1.0,0.54,0.54
NSE:BANCOINDIA-EQ,2025-01-30,445.25,1.0,0.59,0.59
NSE:BANDHANBNK-EQ,2025-01-30,148.25,1.0,0.57,0.57
NSE:BANKBARODA-EQ,2025-01-30,222.39,1.0,0.59,0.59
NSE:BANKBEES-EQ,2025-01-30,506.44,1.0,0.55,0.55
NSE:BANKBETF-EQ,2025-01-30,49.65,1.0,0.58,0.58
NSE:BANKIETF-EQ,2025-01-30,50.06,1.0,0.61,0.61
NSE:BANKINDIA-EQ,2025-01-30,111.23,1.0,0.6,0.6
NSE:BANKNIFTY1-EQ,2025-01-30,506.78,1.0,0.57,0.57
NSE:BANSALWIRE-EQ,2025-01-30,421.45,1.0,0.56,0.56
NSE:BANSWRAS-EQ,2025-01-30,131.27,1.0,0.54,0.54
NSE:BARBEQUE-EQ,2025-01-30,322.9,1.0,0.54,0.54
NSE:BASML-EQ,2025-01-30,40.93,1.0,0.51,0.51
NSE:BATAINDIA-EQ,2025-01-30,1267.2,1.0,0.59,0.59
NSE:BBOX-BE,2025-01-30,527.9,0.0,0.5,0.5
NSE:BBTC-EQ,2025-01-30,2106.45,1.0,0.59,0.59
NSE:BCLIND-EQ,2025-01-30,45.1,1.0,0.58,0.58
NSE:BDL-EQ,2025-01-30,1267.35,0.0,0.5,0.5
NSE:BEARDSELL-EQ,2025-01-30,36.78,0.0,0.5,0.5
NSE:BEL-EQ,2025-01-30,278.75,1.0,0.54,0.54
NSE:BEML-EQ,2025-01-30,3540.6,1.0,0.57,0.57
NSE:BEPL-EQ,2025-01-30,118.13,1.0,0.59,0.59
NSE:BERGEPAINT-EQ,2025-01-30,475.85,1.0,0.53,0.53
NSE:BFSI-EQ,2025-01-30,23.73,1.0,0.57,0.57
NSE:BGRENERGY-BE,2025-01-30,133.73,1.0,0.59,0.59
NSE:BHARATFORG-EQ,2025-01-30,1184.05,1.0,0.6,0.6
NSE:BHARATWIRE-EQ,2025-01-30,187.1,1.0,0.56,0.56
NSE:BHARTIARTL-EQ,2025-01-30,1640.75,1.0,0.62,0.62
NSE:BHARTIHEXA-EQ,2025-01-30,1356.75,1.0,0.51,0.51
NSE:BHEL-EQ,2025-01-30,196.37,1.0,0.6,0.6
NSE:BIGBLOC-EQ,2025-01-30,82.11,1.0,0.56,0.56
NSE:BIKAJI-EQ,2025-01-30,685.4,1.0,0.51,0.51
NSE:BIOCON-EQ,2025-01-30,357.0,1.0,0.57,0.57
NSE:BLBLIMITED-EQ,2025-01-30,20.0,1.0,0.57,0.57
NSE:BLISSGVS-EQ,2025-01-30,156.4,0.0,0.5,0.5
NSE:BLKASHYAP-EQ,2025-01-30,66.87,1.0,0.55,0.55
NSE:BLS-EQ,2025-01-30,420.7,1.0,0.59,0.59
NSE:BLSE-BE,2025-01-30,181.96,1.0,0.55,0.55
NSE:BLUEJET-EQ,2025-01-30,693.2,1.0,0.59,0.59
NSE:BLUESTARCO-EQ,2025-01-30,1798.0,1.0,0.52,0.52
NSE:BODALCHEM-EQ,2025-01-30,61.15,1.0,0.61,0.61
NSE:BOMDYEING-EQ,2025-01-30,154.85,1.0,0.6,0.6
NSE:BOROLTD-EQ,2025-01-30,386.85,1.0,0.59,0.59
NSE:BORORENEW-EQ,2025-01-30,506.35,1.0,0.58,0.58
NSE:BPCL-EQ,2025-01-30,257.15,1.0,0.59,0.59
NSE:BPL-EQ,2025-01-30,93.31,1.0,0.59,0.59
NSE:BRIGADE-EQ,2025-01-30,1113.9,1.0,0.52,0.52
NSE:BRITANNIA-EQ,2025-01-30,5075.35,1.0,0.56,0.56
NSE:BSE-EQ,2025-01-30,1746.3,1.0,0.55,0.55
NSE:BSLGOLDETF-EQ,2025-01-30,72.32,1.0,0.55,0.55
NSE:BSLNIFTY-EQ,2025-01-30,26.76,1.0,0.62,0.62
NSE:BSOFT-EQ,2025-01-30,530.15,1.0,0.59,0.59
NSE:CAMLINFINE-BE,2025-01-30,127.51,1.0,0.51,0.51
NSE:CAMPUS-EQ,2025-01-30,272.2,1.0,0.55,0.55
NSE:CAMS-EQ,2025-01-30,3637.2,1.0,0.55,0.55
NSE:CANBK-EQ,2025-01-30,90.91,1.0,0.6,0.6
NSE:CANFINHOME-EQ,2025-01-30,653.7,1.0,0.6,0.6
NSE:CANTABIL-EQ,2025-01-30,278.4,1.0,0.51,0.51
NSE:CAPACITE-EQ,2025-01-30,352.4,1.0,0.54,0.54
NSE:CAPITALSFB-EQ,2025-01-30,303.05,1.0,0.61,0.61
NSE:CAPLIPOINT-EQ,2025-01-30,2030.95,1.0,0.61,0.61
NSE:CARBORUNIV-EQ,2025-01-30,1169.8,1.0,0.62,0.62
NSE:CARERATING-EQ,2025-01-30,1335.6,1.0,0.59,0.59
NSE:CARRARO-EQ,2025-01-30,545.5,1.0,0.54,0.54
NSE:CARTRADE-EQ,2025-01-30,1635.4,1.0,0.51,0.51
NSE:CASTROLIND-EQ,2025-01-30,174.93,1.0,0.59,0.59
NSE:CCCL-EQ,2025-01-30,16.69,1.0,0.51,0.51
NSE:CCL-EQ,2025-01-30,609.95,1.0,0.6,0.6
NSE:CDSL-EQ,2025-01-30,1270.8,1.0,0.55,0.55
NSE:CEATLTD-EQ,2025-01-30,2902.45,1.0,0.62,0.62
NSE:CEIGALL-EQ,2025-01-30,304.2,1.0,0.6,0.6
NSE:CELLO-EQ,2025-01-30,639.6,1.0,0.61,0.61
NSE:CENTEXT-EQ,2025-01-30,21.43,1.0,0.61,0.61
NSE:CENTRALBK-EQ,2025-01-30,51.07,1.0,0.59,0.59
NSE:CENTRUM-BE,2025-01-30,27.12,1.0,0.6,0.6
NSE:CESC-EQ,2025-01-30,141.54,1.0,0.61,0.61
NSE:CEWATER-EQ,2025-01-30,689.35,1.0,0.53,0.53
NSE:CGCL-EQ,2025-01-30,176.59,1.0,0.57,0.57
NSE:CGPOWER-EQ,2025-01-30,620.6,1.0,0.59,0.59
NSE:CHALET-EQ,2025-01-30,753.35,1.0,0.59,0.59
NSE:CHAMBLFERT-EQ,2025-01-30,494.0,1.0,0.61,0.61
NSE:CHENNPETRO-EQ,2025-01-30,524.5,1.0,0.61,0.61
NSE:CHOICEIN-EQ,2025-01-30,512.1,1.0,0.56,0.56
NSE:CHOLAFIN-EQ,2025-01-30,1279.4,1.0,0.6,0.6
NSE:CHOLAHLDNG-EQ,2025-01-30,1531.55,1.0,0.55,0.55
NSE:CIEINDIA-EQ,2025-01-30,465.75,1.0,0.57,0.57
NSE:CIGNITITEC-EQ,2025-01-30,1489.7,1.0,0.51,0.51
NSE:CIPLA-EQ,2025-01-30,1457.45,1.0,0.62,0.62
NSE:CLEAN-EQ,2025-01-30,1367.2,1.0,0.53,0.53
NSE:CLEDUCATE-EQ,2025-01-30,117.12,1.0,0.54,0.54
NSE:CLSEL-EQ,2025-01-30,316.45,1.0,0.58,0.58
NSE:CMSINFO-EQ,2025-01-30,436.9,1.0,0.61,0.61
NSE:COALINDIA-EQ,2025-01-30,385.05,1.0,0.59,0.59
NSE:COASTCORP-EQ,2025-01-30,47.16,0.0,0.5,0.5
NSE:COCHINSHIP-EQ,2025-01-30,1456.4,1.0,0.6,0.6
NSE:COFORGE-EQ,2025-01-30,1665.47,1.0,0.52,0.52
NSE:COHANCE-EQ,2025-01-30,1037.9,1.0,0.52,0.52
NSE:COLPAL-EQ,2025-01-30,2771.3,1.0,0.57,0.57
NSE:COMMOIETF-EQ,2025-01-30,80.61,1.0,0.56,0.56
NSE:CONCOR-EQ,2025-01-30,605.0,1.0,0.61,0.61
NSE:CONCORDBIO-EQ,2025-01-30,2066.55,1.0,0.62,0.62
NSE:CONFIPET-EQ,2025-01-30,68.44,1.0,0.6,0.6
NSE:CONSUMBEES-EQ,2025-01-30,120.83,1.0,0.56,0.56
NSE:COROMANDEL-EQ,2025-01-30,1823.45,1.0,0.61,0.61
NSE:COSMOFIRST-EQ,2025-01-30,724.15,1.0,0.52,0.52
NSE:CPSEETF-EQ,2025-01-30,83.88,1.0,0.59,0.59
NSE:CRAFTSMAN-EQ,2025-01-30,4061.85,1.0,0.56,0.56
NSE:CREDITACC-EQ,2025-01-30,1067.65,1.0,0.51,0.51
NSE:CRISIL-EQ,2025-01-30,5271.05,1.0,0.58,0.58
NSE:CROMPTON-EQ,2025-01-30,342.8,1.0,0.57,0.57
NSE:CSBBANK-EQ,2025-01-30,302.85,1.0,0.55,0.55
NSE:CUB-EQ,2025-01-30,173.21,1.0,0.58,0.58
NSE:CUBEXTUB-BE,2025-01-30,101.36,1.0,0.56,0.56
NSE:CUMMINSIND-EQ,2025-01-30,2852.95,1.0,0.57,0.57
NSE:CUPID-EQ,2025-01-30,71.19,1.0,0.57,0.57
NSE:CYBERTECH-BE,2025-01-30,207.65,1.0,0.55,0.55
NSE:CYIENT-EQ,2025-01-30,1362.55,1.0,0.58,0.58
NSE:CYIENTDLM-EQ,2025-01-30,494.4,1.0,0.53,0.53
NSE:DABUR-EQ,2025-01-30,533.7,1.0,0.6,0.6
NSE:DALBHARAT-EQ,2025-01-30,1851.9,1.0,0.57,0.57
NSE:DALMIASUG-EQ,2025-01-30,341.55,1.0,0.55,0.55
NSE:DAMCAPITAL-EQ,2025-01-30,300.3,1.0,0.52,0.52
NSE:DATAMATICS-EQ,2025-01-30,601.2,1.0,0.57,0.57
NSE:DATAPATTNS-EQ,2025-01-30,2129.6,1.0,0.53,0.53
NSE:DBCORP-EQ,2025-01-30,257.1,1.0,0.56,0.56
NSE:DBEIL-EQ,2025-01-30,167.62,1.0,0.55,0.55
NSE:DBL-EQ,2025-01-30,405.8,1.0,0.54,0.54
NSE:DBOL-EQ,2025-01-30,92.32,1.0,0.61,0.61
NSE:DBREALTY-BE,2025-01-30,157.29,1.0,0.59,0.59
NSE:DCAL-BE,2025-01-30,229.0,1.0,0.6,0.6
NSE:DCBBANK-EQ,2025-01-30,117.54,1.0,0.57,0.57
NSE:DCMSRIND-EQ,2025-01-30,166.21,1.0,0.62,0.62
NSE:DCW-EQ,2025-01-30,79.29,1.0,0.62,0.62
NSE:DCXINDIA-EQ,2025-01-30,318.85,1.0,0.61,0.61
NSE:DDEVPLSTIK-EQ,2025-01-30,287.8,1.0,0.58,0.58
NSE:DEEDEV-EQ,2025-01-30,279.2,1.0,0.59,0.59
NSE:DEEPAKFERT-EQ,2025-01-30,1120.9,1.0,0.54,0.54
NSE:DEEPAKNTR-EQ,2025-01-30,2272.85,1.0,0.6,0.6
NSE:DEEPINDS-EQ,2025-01-30,544.65,1.0,0.51,0.51
NSE:DELHIVERY-EQ,2025-01-30,322.6,1.0,0.59,0.59
NSE:DELTACORP-EQ,2025-01-30,100.27,1.0,0.6,0.6
NSE:DEN-EQ,2025-01-30,39.08,1.0,0.59,0.59
NSE:DENTA-EQ,2025-01-30,326.7,1.0,0.56,0.56
NSE:DEVIT-EQ,2025-01-30,148.77,1.0,0.59,0.59
NSE:DEVYANI-EQ,2025-01-30,165.37,1.0,0.61,0.61
NSE:DHAMPURSUG-EQ,2025-01-30,148.77,1.0,0.6,0.6
NSE:DHANBANK-EQ,2025-01-30,25.47,1.0,0.58,0.58
NSE:DHANI-EQ,2025-01-30,78.44,1.0,0.58,0.58
NSE:DIACABS-EQ,2025-01-30,113.47,1.0,0.57,0.57
NSE:DIAMONDYD-EQ,2025-01-30,964.65,1.0,0.54,0.54
NSE:DIFFNKG-EQ,2025-01-30,267.2,1.0,0.56,0.56
NSE:DIGIDRIVE-EQ,2025-01-30,35.77,1.0,0.54,0.54
NSE:DIGISPICE-EQ,2025-01-30,24.49,1.0,0.58,0.58
NSE:DIVISLAB-EQ,2025-01-30,5735.9,1.0,0.61,0.61
NSE:DIXON-EQ,2025-01-30,14659.85,1.0,0.59,0.59
NSE:DLF-EQ,2025-01-30,750.05,1.0,0.54,0.54
NSE:DLINKINDIA-EQ,2025-01-30,456.65,1.0,0.53,0.53
NSE:DMART-EQ,2025-01-30,3575.4,1.0,0.56,0.56
NSE:DODLA-EQ,2025-01-30,1091.1,1.0,0.52,0.52
NSE:DOLATALGO-EQ,2025-01-30,102.58,1.0,0.54,0.54
NSE:DOMS-EQ,2025-01-30,2442.0,1.0,0.55,0.55
NSE:DONEAR-EQ,2025-01-30,124.27,1.0,0.58,0.58
NSE:DPSCLTD-EQ,2025-01-30,15.16,1.0,0.58,0.58
NSE:DRCSYSTEMS-BE,2025-01-30,25.19,1.0,0.55,0.55
NSE:DREAMFOLKS-BE,2025-01-30,355.5,1.0,0.56,0.56
NSE:DRREDDY-EQ,2025-01-30,1194.5,1.0,0.58,0.58
NSE:DWARKESH-EQ,2025-01-30,50.07,1.0,0.59,0.59
NSE:DYCL-EQ,2025-01-30,412.68,1.0,0.54,0.54
NSE:ECLERX-EQ,2025-01-30,3004.0,1.0,0.58,0.58
NSE:ECOSMOBLTY-EQ,2025-01-30,238.8,1.0,0.56,0.56
NSE:EDELWEISS-EQ,2025-01-30,106.46,1.0,0.58,0.58
NSE:EICHERMOT-EQ,2025-01-30,5164.35,1.0,0.59,0.59
NSE:EIDPARRY-EQ,2025-01-30,819.8,1.0,0.6,0.6
NSE:EIEL-EQ,2025-01-30,254.25,1.0,0.56,0.56
NSE:EIHOTEL-EQ,2025-01-30,361.05,1.0,0.61,0.61
NSE:EKC-EQ,2025-01-30,150.77,1.0,0.61,0.61
NSE:ELECON-EQ,2025-01-30,520.15,1.0,0.58,0.58
NSE:ELECTCAST-EQ,2025-01-30,126.4,1.0,0.51,0.51
NSE:ELGIEQUIP-EQ,2025-01-30,530.25,1.0,0.62,0.62
NSE:ELIN-BE,2025-01-30,153.24,1.0,0.58,0.58
NSE:EMAMILTD-EQ,2025-01-30,571.05,1.0,0.59,0.59
NSE:EMBDL-EQ,2025-01-30,145.85,1.0,0.58,0.58
NSE:EMCURE-EQ,2025-01-30,1219.45,1.0,0.61,0.61
NSE:EMIL-EQ,2025-01-30,145.5,1.0,0.58,0.58
NSE:EMMBI-EQ,2025-01-30,126.21,1.0,0.59,0.59
NSE:EMSLIMITED-EQ,2025-01-30,797.65,1.0,0.56,0.56
NSE:EMUDHRA-EQ,2025-01-30,695.6,1.0,0.59,0.59
NSE:EMULTIMQ-EQ,2025-01-30,39.98,1.0,0.55,0.55
NSE:ENGINERSIN-EQ,2025-01-30,166.85,1.0,0.55,0.55
NSE:ENTERO-EQ,2025-01-30,1346.7,1.0,0.53,0.53
NSE:EPACK-EQ,2025-01-30,441.3,1.0,0.54,0.54
NSE:EPL-EQ,2025-01-30,216.05,1.0,0.58,0.58
NSE:EQUITASBNK-EQ,2025-01-30,66.23,1.0,0.59,0.59
NSE:ERIS-EQ,2025-01-30,1193.4,1.0,0.6,0.6
NSE:ESAFSFB-EQ,2025-01-30,36.81,1.0,0.59,0.59
NSE:ESCORTS-EQ,2025-01-30,3590.95,1.0,0.6,0.6
NSE:ESSARSHPNG-BE,2025-01-30,32.39,1.0,0.51,0.51
NSE:ESTER-EQ,2025-01-30,147.26,1.0,0.58,0.58
NSE:ETERNAL-EQ,2025-01-30,218.8,1.0,0.61,0.61
NSE:EUREKAFORB-EQ,2025-01-30,519.9,1.0,0.55,0.55
NSE:EVINDIA-EQ,2025-01-30,28.2,1.0,0.56,0.56
NSE:EXICOM-EQ,2025-01-30,227.8,1.0,0.55,0.55
NSE:EXIDEIND-EQ,2025-01-30,360.0,1.0,0.56,0.56
NSE:FACT-EQ,2025-01-30,891.0,1.0,0.55,0.55
NSE:FCL-EQ,2025-01-30,325.1,1.0,0.55,0.55
NSE:FEDERALBNK-EQ,2025-01-30,184.96,1.0,0.58,0.58
NSE:FEDFINA-EQ,2025-01-30,94.11,1.0,0.62,0.62
NSE:FILATEX-EQ,2025-01-30,48.07,1.0,0.55,0.55
NSE:FINCABLES-EQ,2025-01-30,1002.7,1.0,0.58,0.58
NSE:FINIETF-EQ,2025-01-30,25.24,1.0,0.6,0.6
NSE:FINOPB-EQ,2025-01-30,286.3,1.0,0.6,0.6
NSE:FINPIPE-EQ,2025-01-30,202.15,1.0,0.55,0.55
NSE:FIRSTCRY-EQ,2025-01-30,476.65,1.0,0.61,0.61
NSE:FIVESTAR-EQ,2025-01-30,750.95,1.0,0.59,0.59
NSE:FLAIR-EQ,2025-01-30,243.9,1.0,0.57,0.57
NSE:FLUOROCHEM-EQ,2025-01-30,3592.25,1.0,0.56,0.56
NSE:FMCGIETF-EQ,2025-01-30,58.38,1.0,0.6,0.6
NSE:FMNL-BE,2025-01-30,19.4,1.0,0.58,0.58
NSE:FOCUS-BE,2025-01-30,100.65,1.0,0.59,0.59
NSE:FOODSIN-BE,2025-01-30,109.85,1.0,0.58,0.58
NSE:FORTIS-EQ,2025-01-30,647.75,1.0,0.53,0.53
NSE:FSL-EQ,2025-01-30,341.25,1.0,0.61,0.61
NSE:FUSION-EQ,2025-01-30,164.31,0.0,0.5,0.5
NSE:GABRIEL-EQ,2025-01-30,452.8,1.0,0.51,0.51
NSE:GAEL-EQ,2025-01-30,114.68,1.0,0.55,0.55
NSE:GAIL-EQ,2025-01-30,167.11,0.0,0.5,0.5
NSE:GALAPREC-EQ,2025-01-30,995.55,0.0,0.5,0.5
NSE:GANDHAR-EQ,2025-01-30,175.88,1.0,0.6,0.6
NSE:GANECOS-EQ,2025-01-30,1636.05,1.0,0.53,0.53
NSE:GANESHBE-EQ,2025-01-30,122.2,1.0,0.58,0.58
NSE:GANESHHOUC-EQ,2025-01-30,1294.15,1.0,0.57,0.57
NSE:GARFIBRES-EQ,2025-01-30,800.65,1.0,0.59,0.59
NSE:GARUDA-EQ,2025-01-30,127.66,1.0,0.58,0.58
NSE:GATEWAY-EQ,2025-01-30,75.67,1.0,0.61,0.61
NSE:GEEKAYWIRE-EQ,2025-01-30,85.88,1.0,0.57,0.57
NSE:GENCON-BE,2025-01-30,37.77,1.0,0.55,0.55
NSE:GENESYS-EQ,2025-01-30,810.75,1.0,0.59,0.59
NSE:GENSOL-BE,2025-01-30,743.75,0.0,0.49,0.51
NSE:GENUSPAPER-EQ,2025-01-30,19.43,1.0,0.56,0.56
NSE:GENUSPOWER-EQ,2025-01-30,316.3,1.0,0.55,0.55
NSE:GEOJITFSL-EQ,2025-01-30,92.31,1.0,0.56,0.56
NSE:GEPIL-EQ,2025-01-30,288.65,1.0,0.57,0.57
NSE:GESHIP-EQ,2025-01-30,948.15,1.0,0.61,0.61
NSE:GFLLIMITED-EQ,2025-01-30,72.29,1.0,0.59,0.59
NSE:GHCL-EQ,2025-01-30,718.55,1.0,0.56,0.56
NSE:GHCLTEXTIL-EQ,2025-01-30,91.34,1.0,0.57,0.57
NSE:GICHSGFIN-EQ,2025-01-30,183.12,1.0,0.59,0.59
NSE:GICRE-EQ,2025-01-30,400.7,1.0,0.56,0.56
NSE:GILT5YBEES-EQ,2025-01-30,59.36,1.0,0.55,0.55
NSE:GIPCL-EQ,2025-01-30,191.66,1.0,0.62,0.62
NSE:GLAND-EQ,2025-01-30,1506.4,1.0,0.59,0.59
NSE:GLAXO-EQ,2025-01-30,1980.05,1.0,0.59,0.59
NSE:GLENMARK-EQ,2025-01-30,1448.85,1.0,0.6,0.6
NSE:GLOBAL-BE,2025-01-30,61.58,1.0,0.58,0.58
NSE:GLOBUSSPR-EQ,2025-01-30,849.0,1.0,0.6,0.6
NSE:GMDCLTD-EQ,2025-01-30,314.9,1.0,0.6,0.6
NSE:GMRAIRPORT-EQ,2025-01-30,71.2,1.0,0.59,0.59
NSE:GMRP&UI-EQ,2025-01-30,104.23,1.0,0.55,0.55
NSE:GNFC-EQ,2025-01-30,545.6,1.0,0.59,0.59
NSE:GODAVARIB-BE,2025-01-30,240.95,1.0,0.53,0.53
NSE:GODIGIT-EQ,2025-01-30,295.75,1.0,0.58,0.58
NSE:GODREJAGRO-EQ,2025-01-30,715.6,1.0,0.59,0.59
NSE:GODREJCP-EQ,2025-01-30,1118.5,1.0,0.55,0.55
NSE:GODREJIND-EQ,2025-01-30,879.35,1.0,0.53,0.53
NSE:GODREJPROP-EQ,2025-01-30,2288.4,1.0,0.53,0.53
NSE:GOKEX-EQ,2025-01-30,924.75,1.0,0.59,0.59
NSE:GOKULAGRO-EQ,2025-01-30,288.35,1.0,0.55,0.55
NSE:GOLD1-EQ,2025-01-30,68.65,1.0,0.59,0.59
NSE:GOLDBEES-EQ,2025-01-30,68.09,1.0,0.55,0.55
NSE:GOLDETF-EQ,2025-01-30,79.86,1.0,0.56,0.56
NSE:GOLDETFADD-EQ,2025-01-30,79.86,1.0,0.58,0.58
NSE:GOLDIAM-EQ,2025-01-30,489.05,1.0,0.57,0.57
NSE:GOLDIETF-EQ,2025-01-30,70.49,1.0,0.61,0.61
NSE:GOLDSHARE-EQ,2025-01-30,68.9,1.0,0.55,0.55
NSE:GOODLUCK-EQ,2025-01-30,851.65,1.0,0.53,0.53
NSE:GOPAL-EQ,2025-01-30,334.15,1.0,0.59,0.59
NSE:GPIL-EQ,2025-01-30,176.85,1.0,0.59,0.59
NSE:GPPL-EQ,2025-01-30,149.52,1.0,0.57,0.57
NSE:GPTHEALTH-EQ,2025-01-30,164.84,1.0,0.59,0.59
NSE:GPTINFRA-EQ,2025-01-30,110.86,1.0,0.58,0.58
NSE:GRANULES-EQ,2025-01-30,564.45,1.0,0.56,0.56
NSE:GRAPHITE-EQ,2025-01-30,466.15,1.0,0.61,0.61
NSE:GRASIM-EQ,2025-01-30,2491.7,1.0,0.59,0.59
NSE:GRAVITA-EQ,2025-01-30,1970.25,1.0,0.53,0.53
NSE:GREAVESCOT-EQ,2025-01-30,264.3,1.0,0.55,0.55
NSE:GREENLAM-EQ,2025-01-30,275.3,1.0,0.54,0.54
NSE:GREENPANEL-EQ,2025-01-30,340.5,1.0,0.61,0.61
NSE:GREENPLY-EQ,2025-01-30,277.0,1.0,0.58,0.58
NSE:GREENPOWER-EQ,2025-01-30,15.11,1.0,0.6,0.6
NSE:GRMOVER-EQ,2025-01-30,221.21,0.0,0.5,0.5
NSE:GROWWDEFNC-EQ,2025-01-30,61.48,1.0,0.6,0.6
NSE:GROWWEV-EQ,2025-01-30,28.2,1.0,0.59,0.59
NSE:GROWWGOLD-EQ,2025-01-30,80.56,1.0,0.57,0.57
NSE:GRSE-EQ,2025-01-30,1519.85,1.0,0.54,0.54
NSE:GRWRHITECH-EQ,2025-01-30,3593.9,1.0,0.54,0.54
NSE:GSFC-EQ,2025-01-30,202.77,1.0,0.61,0.61
NSE:GSPL-EQ,2025-01-30,343.15,1.0,0.58,0.58
NSE:GUJGASLTD-EQ,2025-01-30,478.8,1.0,0.59,0.59
NSE:GULFPETRO-EQ,2025-01-30,53.04,1.0,0.56,0.56
NSE:GULPOLY-EQ,2025-01-30,164.93,1.0,0.59,0.59
NSE:GVT&D-EQ,2025-01-30,1713.9,0.0,0.5,0.5
NSE:HAL-EQ,2025-01-30,3779.15,1.0,0.58,0.58
NSE:HAPPSTMNDS-EQ,2025-01-30,692.3,1.0,0.59,0.59
NSE:HARDWYN-BE,2025-01-30,16.23,1.0,0.52,0.52
NSE:HAVELLS-EQ,2025-01-30,1544.0,1.0,0.56,0.56
NSE:HBLENGINE-EQ,2025-01-30,564.1,1.0,0.52,0.52
NSE:HCC-BE,2025-01-30,30.79,1.0,0.57,0.57
NSE:HCG-EQ,2025-01-30,514.65,0.0,0.5,0.5
NSE:HCLTECH-EQ,2025-01-30,1713.1,1.0,0.57,0.57
NSE:HDFCAMC-EQ,2025-01-30,3769.35,1.0,0.57,0.57
NSE:HDFCBANK-EQ,2025-01-30,1691.5,1.0,0.57,0.57
NSE:HDFCGOLD-EQ,2025-01-30,70.22,1.0,0.56,0.56
NSE:HDFCLIFE-EQ,2025-01-30,634.15,1.0,0.57,0.57
NSE:HDFCMID150-EQ,2025-01-30,19.68,1.0,0.58,0.58
NSE:HDFCMOMENT-EQ,2025-01-30,29.45,1.0,0.6,0.6
NSE:HDFCNEXT50-EQ,2025-01-30,62.97,1.0,0.56,0.56
NSE:HDFCNIF100-EQ,2025-01-30,24.21,1.0,0.59,0.59
NSE:HDFCNIFBAN-EQ,2025-01-30,50.21,1.0,0.55,0.55
NSE:HDFCNIFTY-EQ,2025-01-30,257.93,1.0,0.59,0.59
NSE:HDFCPVTBAN-EQ,2025-01-30,24.6,1.0,0.55,0.55
NSE:HDFCSILVER-EQ,2025-01-30,89.54,1.0,0.56,0.56
NSE:HDFCSML250-EQ,2025-01-30,156.91,1.0,0.57,0.57
NSE:HEALTHIETF-EQ,2025-01-30,140.29,1.0,0.57,0.57
NSE:HEG-EQ,2025-01-30,393.9,1.0,0.61,0.61
NSE:HEIDELBERG-EQ,2025-01-30,223.75,1.0,0.55,0.55
NSE:HEMIPROP-EQ,2025-01-30,144.25,1.0,0.59,0.59
NSE:HERANBA-EQ,2025-01-30,335.05,1.0,0.58,0.58
NSE:HERITGFOOD-EQ,2025-01-30,422.55,1.0,0.59,0.59
NSE:HEROMOTOCO-EQ,2025-01-30,4177.8,1.0,0.61,0.61
NSE:HFCL-EQ,2025-01-30,95.16,1.0,0.62,0.62
NSE:HIKAL-EQ,2025-01-30,347.7,1.0,0.6,0.6
NSE:HILTON-BE,2025-01-30,88.44,1.0,0.52,0.52
NSE:HIMATSEIDE-EQ,2025-01-30,157.74,1.0,0.55,0.55
NSE:HINDALCO-EQ,2025-01-30,587.85,1.0,0.61,0.61
NSE:HINDCOPPER-EQ,2025-01-30,229.95,1.0,0.6,0.6
NSE:HINDMOTORS-BE,2025-01-30,27.0,1.0,0.55,0.55
NSE:HINDOILEXP-EQ,2025-01-30,196.25,1.0,0.57,0.57
NSE:HINDPETRO-EQ,2025-01-30,351.6,1.0,0.57,0.57
NSE:HINDUNILVR-EQ,2025-01-30,2408.75,1.0,0.55,0.55
NSE:HINDWAREAP-EQ,2025-01-30,227.15,1.0,0.59,0.59
NSE:HINDZINC-EQ,2025-01-30,441.35,1.0,0.57,0.57
NSE:HITECH-EQ,2025-01-30,125.11,1.0,0.55,0.55
NSE:HLVLTD-EQ,2025-01-30,15.84,1.0,0.56,0.56
NSE:HMAAGRO-EQ,2025-01-30,37.1,1.0,0.59,0.59
NSE:HNGSNGBEES-EQ,2025-01-30,353.31,1.0,0.59,0.59
NSE:HOMEFIRST-EQ,2025-01-30,945.1,1.0,0.54,0.54
NSE:HONASA-EQ,2025-01-30,218.75,1.0,0.55,0.55
NSE:HPAL-EQ,2025-01-30,65.56,1.0,0.6,0.6
NSE:HPL-EQ,2025-01-30,472.85,1.0,0.58,0.58
NSE:HSCL-EQ,2025-01-30,485.15,1.0,0.62,0.62
NSE:HTMEDIA-BE,2025-01-30,20.3,1.0,0.58,0.58
NSE:HUBTOWN-EQ,2025-01-30,265.75,1.0,0.58,0.58
NSE:HUDCO-EQ,2025-01-30,216.28,1.0,0.61,0.61
NSE:HUHTAMAKI-EQ,2025-01-30,218.4,1.0,0.54,0.54
NSE:HYUNDAI-EQ,2025-01-30,1622.0,1.0,0.57,0.57
NSE:ICICIB22-EQ,2025-01-30,102.19,1.0,0.58,0.58
NSE:ICICIBANK-EQ,2025-01-30,1255.6,1.0,0.59,0.59
NSE:ICICIGI-EQ,2025-01-30,1845.5,1.0,0.58,0.58
NSE:ICICIPRULI-EQ,2025-01-30,611.4,1.0,0.58,0.58
NSE:ICIL-EQ,2025-01-30,294.55,1.0,0.55,0.55
NSE:IDBI-EQ,2025-01-30,79.2,1.0,0.6,0.6
NSE:IDEAFORGE-EQ,2025-01-30,461.45,1.0,0.59,0.59
NSE:IDFCFIRSTB-EQ,2025-01-30,61.19,1.0,0.59,0.59
NSE:IEL-BE,2025-01-30,20.95,1.0,0.55,0.55
NSE:IEX-EQ,2025-01-30,175.29,1.0,0.59,0.59
NSE:IFBIND-EQ,2025-01-30,1374.4,1.0,0.6,0.6
NSE:IFCI-EQ,2025-01-30,54.24,1.0,0.61,0.61
NSE:IGIL-EQ,2025-01-30,508.55,1.0,0.59,0.59
NSE:IGL-EQ,2025-01-30,197.85,1.0,0.59,0.59
NSE:IIFL-EQ,2025-01-30,353.4,0.0,0.5,0.5
NSE:IIFLCAPS-EQ,2025-01-30,245.75,1.0,0.57,0.57
NSE:IKS-EQ,2025-01-30,1748.7,1.0,0.58,0.58
NSE:IMAGICAA-EQ,2025-01-30,65.9,1.0,0.53,0.53
NSE:IMFA-EQ,2025-01-30,685.35,1.0,0.55,0.55
NSE:INDGN-EQ,2025-01-30,600.7,1.0,0.59,0.59
NSE:INDHOTEL-EQ,2025-01-30,761.2,1.0,0.61,0.61
NSE:INDIACEM-EQ,2025-01-30,268.45,1.0,0.56,0.56
NSE:INDIAGLYCO-EQ,2025-01-30,1256.25,1.0,0.59,0.59
NSE:INDIAMART-EQ,2025-01-30,2077.9,1.0,0.6,0.6
NSE:INDIANB-EQ,2025-01-30,545.85,1.0,0.6,0.6
NSE:INDIASHLTR-EQ,2025-01-30,646.65,1.0,0.59,0.59
NSE:INDIGO-EQ,2025-01-30,4227.75,1.0,0.61,0.61
NSE:INDOAMIN-EQ,2025-01-30,142.74,1.0,0.6,0.6
NSE:INDOCO-EQ,2025-01-30,245.15,1.0,0.59,0.59
NSE:INDOFARM-EQ,2025-01-30,194.44,1.0,0.56,0.56
NSE:INDOSTAR-EQ,2025-01-30,249.45,1.0,0.62,0.62
NSE:INDOTHAI-BE,2025-01-30,165.06,1.0,0.52,0.52
NSE:INDOWIND-EQ,2025-01-30,22.18,1.0,0.57,0.57
NSE:INDRAMEDCO-EQ,2025-01-30,435.75,1.0,0.6,0.6
NSE:INDSWFTLTD-EQ,2025-01-30,18.06,1.0,0.51,0.51
NSE:INDTERRAIN-EQ,2025-01-30,41.21,1.0,0.57,0.57
NSE:INDUSINDBK-EQ,2025-01-30,957.05,1.0,0.59,0.59
NSE:INDUSTOWER-EQ,2025-01-30,345.6,1.0,0.58,0.58
NSE:INFIBEAM-EQ,2025-01-30,19.75,1.0,0.6,0.6
NSE:INFRAIETF-EQ,2025-01-30,84.25,1.0,0.55,0.55
NSE:INFY-EQ,2025-01-30,1859.95,1.0,0.56,0.56
NSE:INOXGREEN-BE,2025-01-30,153.82,1.0,0.59,0.59
NSE:INOXINDIA-EQ,2025-01-30,923.95,1.0,0.59,0.59
NSE:INOXWIND-EQ,2025-01-30,161.84,1.0,0.54,0.54
NSE:INTELLECT-EQ,2025-01-30,776.45,1.0,0.53,0.53
NSE:INTERARCH-BE,2025-01-30,1588.75,1.0,0.56,0.56
NSE:INTLCONV-EQ,2025-01-30,78.0,1.0,0.6,0.6
NSE:IOB-EQ,2025-01-30,50.19,1.0,0.59,0.59
NSE:IOC-EQ,2025-01-30,127.12,1.0,0.59,0.59
NSE:IOLCP-EQ,2025-01-30,71.74,1.0,0.61,0.61
NSE:IONEXCHANG-EQ,2025-01-30,554.05,1.0,0.6,0.6
NSE:IPCALAB-EQ,2025-01-30,1454.75,1.0,0.59,0.59
NSE:IPL-EQ,2025-01-30,155.11,1.0,0.58,0.58
NSE:IRB-EQ,2025-01-30,53.65,1.0,0.62,0.62
NSE:IRCON-EQ,2025-01-30,202.7,1.0,0.55,0.55
NSE:IRCTC-EQ,2025-01-30,779.0,1.0,0.58,0.58
NSE:IREDA-EQ,2025-01-30,196.05,1.0,0.58,0.58
NSE:IRFC-EQ,2025-01-30,148.23,1.0,0.55,0.55
NSE:IRISDOREME-BE,2025-01-30,26.66,1.0,0.58,0.58
NSE:ISGEC-EQ,2025-01-30,1096.65,1.0,0.55,0.55
NSE:ITBEES-EQ,2025-01-30,45.8,1.0,0.58,0.58
NSE:ITC-EQ,2025-01-30,436.2,1.0,0.57,0.57
NSE:ITCHOTELS-EQ,2025-01-30,163.25,0.0,0.5,0.5
NSE:ITDCEM-EQ,2025-01-30,534.7,1.0,0.57,0.57
NSE:ITETF-EQ,2025-01-30,43.68,1.0,0.57,0.57
NSE:ITI-EQ,2025-01-30,324.8,1.0,0.58,0.58
NSE:ITIETF-EQ,2025-01-30,45.82,1.0,0.57,0.57
NSE:IXIGO-EQ,2025-01-30,148.63,1.0,0.53,0.53
NSE:J&KBANK-EQ,2025-01-30,99.22,1.0,0.51,0.51
NSE:JAGRAN-EQ,2025-01-30,75.1,1.0,0.57,0.57
NSE:JAGSNPHARM-EQ,2025-01-30,248.9,1.0,0.55,0.55
NSE:JAIBALAJI-EQ,2025-01-30,135.4,1.0,0.58,0.58
NSE:JAICORPLTD-EQ,2025-01-30,129.75,1.0,0.59,0.59
NSE:JAIPURKURT-EQ,2025-01-30,43.26,1.0,0.62,0.62
NSE:JAMNAAUTO-EQ,2025-01-30,88.98,1.0,0.58,0.58
NSE:JASH-EQ,2025-01-30,567.9,1.0,0.57,0.57
NSE:JAYNECOIND-EQ,2025-01-30,36.53,1.0,0.58,0.58
NSE:JAYSREETEA-EQ,2025-01-30,103.02,1.0,0.55,0.55
NSE:JBMA-EQ,2025-01-30,753.63,1.0,0.52,0.52
NSE:JGCHEM-EQ,2025-01-30,338.65,1.0,0.58,0.58
NSE:JHS-EQ,2025-01-30,18.65,1.0,0.56,0.56
NSE:JINDALPOLY-EQ,2025-01-30,831.5,1.0,0.54,0.54
NSE:JINDALSAW-EQ,2025-01-30,243.55,1.0,0.52,0.52
NSE:JINDALSTEL-EQ,2025-01-30,840.05,1.0,0.58,0.58
NSE:JINDRILL-EQ,2025-01-30,893.75,1.0,0.57,0.57
NSE:JINDWORLD-EQ,2025-01-30,83.07,1.0,0.58,0.58
NSE:JIOFIN-EQ,2025-01-30,234.8,1.0,0.59,0.59
NSE:JISLJALEQS-EQ,2025-01-30,71.34,1.0,0.57,0.57
NSE:JKCEMENT-EQ,2025-01-30,4800.35,1.0,0.6,0.6
NSE:JKLAKSHMI-EQ,2025-01-30,801.05,1.0,0.61,0.61
NSE:JKPAPER-EQ,2025-01-30,358.75,1.0,0.58,0.58
NSE:JKTYRE-EQ,2025-01-30,313.0,1.0,0.6,0.6
NSE:JMFINANCIL-EQ,2025-01-30,106.8,1.0,0.6,0.6
NSE:JPPOWER-EQ,2025-01-30,15.73,1.0,0.62,0.62
NSE:JSFB-EQ,2025-01-30,445.4,1.0,0.59,0.59
NSE:JSL-EQ,2025-01-30,648.85,1.0,0.56,0.56
NSE:JSWENERGY-EQ,2025-01-30,483.85,1.0,0.57,0.57
NSE:JSWINFRA-EQ,2025-01-30,269.6,1.0,0.55,0.55
NSE:JSWSTEEL-EQ,2025-01-30,950.85,1.0,0.61,0.61
NSE:JTEKTINDIA-EQ,2025-01-30,156.2,1.0,0.54,0.54
NSE:JTLIND-EQ,2025-01-30,95.55,1.0,0.59,0.59
NSE:JUBLFOOD-EQ,2025-01-30,688.95,1.0,0.58,0.58
NSE:JUBLINGREA-EQ,2025-01-30,700.25,0.0,0.5,0.5
NSE:JUBLPHARMA-EQ,2025-01-30,957.2,0.0,0.5,0.5
NSE:JUNIORBEES-EQ,2025-01-30,664.99,1.0,0.6,0.6
NSE:JUNIPER-EQ,2025-01-30,280.45,1.0,0.56,0.56
NSE:JUSTDIAL-EQ,2025-01-30,873.3,1.0,0.58,0.58
NSE:JWL-EQ,2025-01-30,355.8,1.0,0.57,0.57
NSE:JYOTHYLAB-EQ,2025-01-30,396.75,1.0,0.59,0.59
NSE:JYOTICNC-EQ,2025-01-30,1050.5,1.0,0.54,0.54
NSE:JYOTISTRUC-EQ,2025-01-30,20.27,1.0,0.55,0.55
NSE:KAJARIACER-EQ,2025-01-30,995.15,1.0,0.6,0.6
NSE:KALAMANDIR-EQ,2025-01-30,171.27,1.0,0.52,0.52
NSE:KALYANKJIL-EQ,2025-01-30,440.65,1.0,0.51,0.51
NSE:KAMDHENU-EQ,2025-01-30,40.95,1.0,0.59,0.59
NSE:KAMOPAINTS-BE,2025-01-30,15.61,1.0,0.59,0.59
NSE:KANSAINER-EQ,2025-01-30,235.35,1.0,0.6,0.6
NSE:KARURVYSYA-EQ,2025-01-30,233.84,1.0,0.61,0.61
NSE:KAYNES-EQ,2025-01-30,4725.65,1.0,0.52,0.52
NSE:KCP-EQ,2025-01-30,205.78,1.0,0.59,0.59
NSE:KCPSUGIND-EQ,2025-01-30,40.41,1.0,0.62,0.62
NSE:KEC-EQ,2025-01-30,812.55,1.0,0.58,0.58
NSE:KECL-EQ,2025-01-30,163.8,1.0,0.59,0.59
NSE:KEI-EQ,2025-01-30,3961.15,1.0,0.59,0.59
NSE:KELLTONTEC-EQ,2025-01-30,142.18,1.0,0.55,0.55
NSE:KERNEX-BE,2025-01-30,1246.45,1.0,0.53,0.53
NSE:KESORAMIND-BE,2025-01-30,219.9,1.0,0.56,0.56
NSE:KFINTECH-EQ,2025-01-30,1081.25,1.0,0.53,0.53
NSE:KHAICHEM-BE,2025-01-30,68.29,1.0,0.6,0.6
NSE:KIMS-EQ,2025-01-30,601.15,1.0,0.59,0.59
NSE:KIOCL-EQ,2025-01-30,330.5,1.0,0.61,0.61
NSE:KIRIINDUS-EQ,2025-01-30,581.8,1.0,0.51,0.51
NSE:KIRLOSBROS-EQ,2025-01-30,1829.35,1.0,0.56,0.56
NSE:KIRLOSENG-EQ,2025-01-30,882.0,1.0,0.6,0.6
NSE:KIRLPNU-EQ,2025-01-30,1113.45,1.0,0.55,0.55
NSE:KITEX-BE,2025-01-30,191.3,0.0,0.5,0.5
NSE:KMSUGAR-EQ,2025-01-30,30.24,1.0,0.59,0.59
NSE:KNRCON-EQ,2025-01-30,289.95,1.0,0.59,0.59
NSE:KOHINOOR-EQ,2025-01-30,38.36,1.0,0.53,0.53
NSE:KOLTEPATIL-EQ,2025-01-30,282.75,1.0,0.53,0.53
NSE:KOPRAN-EQ,2025-01-30,187.46,1.0,0.61,0.61
NSE:KOTAKBANK-EQ,2025-01-30,1901.5,1.0,0.6,0.6
NSE:KOTARISUG-EQ,2025-01-30,40.68,1.0,0.55,0.55
NSE:KPEL-EQ,2025-01-30,376.2,1.0,0.58,0.58
NSE:KPIL-EQ,2025-01-30,1027.75,1.0,0.55,0.55
NSE:KPITTECH-EQ,2025-01-30,1432.95,1.0,0.55,0.55
NSE:KPRMILL-EQ,2025-01-30,920.15,1.0,0.6,0.6
NSE:KRBL-EQ,2025-01-30,271.2,1.0,0.6,0.6
NSE:KRN-EQ,2025-01-30,788.1,1.0,0.51,0.51
NSE:KRONOX-EQ,2025-01-30,181.01,1.0,0.58,0.58
NSE:KROSS-EQ,2025-01-30,178.84,1.0,0.57,0.57
NSE:KRSNAA-EQ,2025-01-30,824.4,1.0,0.57,0.57
NSE:KSB-EQ,2025-01-30,690.0,1.0,0.59,0.59
NSE:KTKBANK-EQ,2025-01-30,190.48,1.0,0.56,0.56
NSE:LALPATHLAB-EQ,2025-01-30,2877.85,1.0,0.52,0.52
NSE:LANDMARK-EQ,2025-01-30,504.25,1.0,0.52,0.52
NSE:LAOPALA-EQ,2025-01-30,261.95,1.0,0.58,0.58
NSE:LATENTVIEW-EQ,2025-01-30,429.9,1.0,0.62,0.62
NSE:LATTEYS-EQ,2025-01-30,24.78,1.0,0.61,0.61
NSE:LAURUSLABS-EQ,2025-01-30,588.45,1.0,0.52,0.52
NSE:LAXMIDENTL-EQ,2025-01-30,488.35,1.0,0.54,0.54
NSE:LEMONTREE-EQ,2025-01-30,134.88,1.0,0.55,0.55
NSE:LICHSGFIN-EQ,2025-01-30,584.35,1.0,0.62,0.62
NSE:LICI-EQ,2025-01-30,824.9,1.0,0.57,0.57
NSE:LINC-BE,2025-01-30,137.1,1.0,0.55,0.55
NSE:LINDEINDIA-EQ,2025-01-30,6198.2,1.0,0.55,0.55
NSE:LIQUID-EQ,2025-01-30,999.99,1.0,0.58,0.58
NSE:LIQUID1-EQ,2025-01-30,1032.45,1.0,0.58,0.58
NSE:LIQUIDADD-EQ,2025-01-30,1054.67,1.0,0.58,0.58
NSE:LIQUIDBEES-EQ,2025-01-30,1000.0,1.0,0.56,0.56
NSE:LIQUIDCASE-EQ,2025-01-30,106.76,1.0,0.55,0.55
NSE:LIQUIDETF-EQ,2025-01-30,999.99,1.0,0.58,0.58
NSE:LIQUIDIETF-EQ,2025-01-30,999.99,1.0,0.58,0.58
NSE:LLOYDSENGG-EQ,2025-01-30,67.16,1.0,0.61,0.61
NSE:LLOYDSENT-EQ,2025-01-30,55.81,1.0,0.6,0.6
NSE:LLOYDSME-EQ,2025-01-30,1248.6,1.0,0.6,0.6
NSE:LODHA-EQ,2025-01-30,1160.6,1.0,0.62,0.62
NSE:LOKESHMACH-EQ,2025-01-30,289.9,1.0,0.52,0.52
NSE:LOWVOL1-EQ,2025-01-30,19.69,1.0,0.55,0.55
NSE:LOWVOLIETF-EQ,2025-01-30,20.84,1.0,0.55,0.55
NSE:LT-EQ,2025-01-30,3420.95,1.0,0.61,0.61
NSE:LTF-EQ,2025-01-30,144.37,1.0,0.61,0.61
NSE:LTFOODS-EQ,2025-01-30,368.85,1.0,0.59,0.59
NSE:LTGILTBEES-EQ,2025-01-30,27.47,1.0,0.56,0.56
NSE:LTIM-EQ,2025-01-30,5840.25,1.0,0.58,0.58
NSE:LTTS-EQ,2025-01-30,5410.65,1.0,0.59,0.59
NSE:LUMAXTECH-EQ,2025-01-30,520.65,1.0,0.51,0.51
NSE:LUPIN-EQ,2025-01-30,2064.4,1.0,0.57,0.57
NSE:LXCHEM-EQ,2025-01-30,215.8,1.0,0.55,0.55
NSE:LYKALABS-EQ,2025-01-30,145.26,1.0,0.55,0.55
NSE:M&M-EQ,2025-01-30,2971.45,1.0,0.57,0.57
NSE:M&MFIN-EQ,2025-01-30,276.65,1.0,0.61,0.61
NSE:MADRASFERT-EQ,2025-01-30,90.56,1.0,0.6,0.6
NSE:MAFANG-EQ,2025-01-30,133.15,1.0,0.59,0.59
NSE:MAHABANK-EQ,2025-01-30,50.28,1.0,0.57,0.57
NSE:MAHEPC-EQ,2025-01-30,131.3,1.0,0.58,0.58
NSE:MAHKTECH-EQ,2025-01-30,20.14,1.0,0.59,0.59
NSE:MAHLIFE-EQ,2025-01-30,377.88,1.0,0.62,0.62
NSE:MAHSEAMLES-EQ,2025-01-30,618.3,1.0,0.58,0.58
NSE:MAMATA-EQ,2025-01-30,406.65,1.0,0.56,0.56
NSE:MANALIPETC-EQ,2025-01-30,60.4,1.0,0.52,0.52
NSE:MANAPPURAM-EQ,2025-01-30,199.14,1.0,0.58,0.58
NSE:MANBA-EQ,2025-01-30,149.44,1.0,0.55,0.55
NSE:MANGCHEFER-EQ,2025-01-30,164.78,0.0,0.5,0.5
NSE:MANGLMCEM-EQ,2025-01-30,845.7,1.0,0.58,0.58
NSE:MANINDS-EQ,2025-01-30,281.7,1.0,0.59,0.59
NSE:MANINFRA-EQ,2025-01-30,196.45,1.0,0.55,0.55
NSE:MANKIND-EQ,2025-01-30,2485.4,1.0,0.62,0.62
NSE:MANYAVAR-EQ,2025-01-30,1028.35,1.0,0.54,0.54
NSE:MAPMYINDIA-EQ,2025-01-30,1650.35,1.0,0.59,0.59
NSE:MARICO-EQ,2025-01-30,672.15,1.0,0.56,0.56
NSE:MARINE-BE,2025-01-30,200.35,1.0,0.54,0.54
NSE:MARKSANS-EQ,2025-01-30,240.55,0.0,0.5,0.5
NSE:MARUTI-EQ,2025-01-30,12000.0,1.0,0.56,0.56
NSE:MASFIN-EQ,2025-01-30,256.85,1.0,0.59,0.59
NSE:MASPTOP50-EQ,2025-01-30,57.93,1.0,0.59,0.59
NSE:MAXESTATES-EQ,2025-01-30,519.0,0.0,0.5,0.5
NSE:MAXHEALTH-EQ,2025-01-30,1043.85,1.0,0.58,0.58
NSE:MAZDOCK-EQ,2025-01-30,2350.7,1.0,0.62,0.62
NSE:MBLINFRA-EQ,2025-01-30,52.69,1.0,0.58,0.58
NSE:MCLEODRUSS-EQ,2025-01-30,40.63,1.0,0.56,0.56
NSE:MCX-EQ,2025-01-30,5599.3,1.0,0.62,0.62
NSE:MEDANTA-EQ,2025-01-30,1049.4,1.0,0.54,0.54
NSE:MEDIASSIST-EQ,2025-01-30,550.6,1.0,0.58,0.58
NSE:MEDICO-EQ,2025-01-30,74.42,1.0,0.59,0.59
NSE:MEDPLUS-EQ,2025-01-30,732.45,1.0,0.59,0.59
NSE:MEGASOFT-BE,2025-01-30,79.63,1.0,0.58,0.58
NSE:METROPOLIS-EQ,2025-01-30,1804.6,1.0,0.58,0.58
NSE:MFSL-EQ,2025-01-30,1081.6,1.0,0.59,0.59
NSE:MGL-EQ,2025-01-30,1303.5,1.0,0.55,0.55
NSE:MHRIL-EQ,2025-01-30,322.75,1.0,0.59,0.59
NSE:MICEL-EQ,2025-01-30,78.27,1.0,0.56,0.56
NSE:MID150BEES-EQ,2025-01-30,200.65,1.0,0.58,0.58
NSE:MIDCAPETF-EQ,2025-01-30,19.8,1.0,0.59,0.59
NSE:MIDCAPIETF-EQ,2025-01-30,20.06,1.0,0.58,0.58
NSE:MIDHANI-EQ,2025-01-30,320.15,1.0,0.61,0.61
NSE:MIDSELIETF-EQ,2025-01-30,16.39,1.0,0.58,0.58
NSE:MIDSMALL-EQ,2025-01-30,45.74,1.0,0.58,0.58
NSE:MINDACORP-EQ,2025-01-30,532.85,1.0,0.55,0.55
NSE:MIRCELECTR-EQ,2025-01-30,17.96,1.0,0.55,0.55
NSE:MIRZAINT-EQ,2025-01-30,32.69,1.0,0.6,0.6
NSE:MMTC-EQ,2025-01-30,67.6,1.0,0.61,0.61
NSE:MOBIKWIK-EQ,2025-01-30,417.05,1.0,0.59,0.59
NSE:MODEFENCE-EQ,2025-01-30,67.34,1.0,0.55,0.55
NSE:MOHEALTH-EQ,2025-01-30,41.91,0.0,0.5,0.5
NSE:MOIL-EQ,2025-01-30,296.25,1.0,0.55,0.55
NSE:MOKSH-EQ,2025-01-30,16.27,1.0,0.54,0.54
NSE:MOL-EQ,2025-01-30,76.41,1.0,0.61,0.61
NSE:MOLDTKPAC-EQ,2025-01-30,533.85,1.0,0.56,0.56
NSE:MOM100-EQ,2025-01-30,56.49,1.0,0.53,0.53
NSE:MOM30IETF-EQ,2025-01-30,29.73,1.0,0.58,0.58
NSE:MOMENTUM-EQ,2025-01-30,29.63,1.0,0.61,0.61
NSE:MOMENTUM50-EQ,2025-01-30,49.07,1.0,0.61,0.61
NSE:MOMOMENTUM-EQ,2025-01-30,59.39,1.0,0.58,0.58
NSE:MON100-EQ,2025-01-30,206.9,1.0,0.6,0.6
NSE:MONARCH-EQ,2025-01-30,419.9,1.0,0.59,0.59
NSE:MONIFTY500-EQ,2025-01-30,21.56,1.0,0.58,0.58
NSE:MONQ50-EQ,2025-01-30,90.21,1.0,0.56,0.56
NSE:MOREALTY-EQ,2025-01-30,90.34,1.0,0.59,0.59
NSE:MOREPENLAB-EQ,2025-01-30,62.44,1.0,0.6,0.6
NSE:MOSMALL250-EQ,2025-01-30,15.58,1.0,0.58,0.58
NSE:MOTHERSON-EQ,2025-01-30,92.47,1.0,0.58,0.58
NSE:MOTILALOFS-EQ,2025-01-30,645.8,1.0,0.54,0.54
NSE:MOTISONS-EQ,2025-01-30,22.66,1.0,0.59,0.59
NSE:MPHASIS-EQ,2025-01-30,2867.6,1.0,0.54,0.54
NSE:MRPL-EQ,2025-01-30,126.39,1.0,0.6,0.6
NSE:MSPL-EQ,2025-01-30,35.44,0.0,0.5,0.5
NSE:MSTCLTD-EQ,2025-01-30,605.45,1.0,0.58,0.58
NSE:MSUMI-EQ,2025-01-30,36.41,1.0,0.58,0.58
NSE:MTARTECH-EQ,2025-01-30,1531.5,1.0,0.61,0.61
NSE:MTNL-EQ,2025-01-30,44.68,1.0,0.57,0.57
NSE:MUFIN-EQ,2025-01-30,93.09,1.0,0.59,0.59
NSE:MUFTI-EQ,2025-01-30,145.33,1.0,0.54,0.54
NSE:MUKANDLTD-EQ,2025-01-30,115.52,1.0,0.51,0.51
NSE:MUKKA-EQ,2025-01-30,36.35,1.0,0.6,0.6
NSE:MUNJALAU-EQ,2025-01-30,88.46,1.0,0.62,0.62
NSE:MUTHOOTFIN-EQ,2025-01-30,2209.65,1.0,0.58,0.58
NSE:MUTHOOTMF-EQ,2025-01-30,160.02,1.0,0.56,0.56
NSE:MVGJL-EQ,2025-01-30,241.35,1.0,0.58,0.58
NSE:NACLIND-BE,2025-01-30,67.63,1.0,0.57,0.57
NSE:NAM-INDIA-EQ,2025-01-30,573.1,1.0,0.61,0.61
NSE:NARMADA-EQ,2025-01-30,20.2,1.0,0.56,0.56
NSE:NATCOPHARM-EQ,2025-01-30,1161.85,1.0,0.62,0.62
NSE:NATIONALUM-EQ,2025-01-30,193.13,1.0,0.58,0.58
NSE:NAUKRI-EQ,2025-01-30,1525.78,1.0,0.55,0.55
NSE:NAVA-EQ,2025-01-30,432.9,0.0,0.5,0.5
NSE:NAVINFLUOR-EQ,2025-01-30,3908.25,1.0,0.55,0.55
NSE:NAVKARCORP-EQ,2025-01-30,120.51,1.0,0.55,0.55
NSE:NAZARA-EQ,2025-01-30,939.8,1.0,0.54,0.54
NSE:NBCC-EQ,2025-01-30,93.16,1.0,0.57,0.57
NSE:NCC-EQ,2025-01-30,241.9,1.0,0.57,0.57
NSE:NCLIND-EQ,2025-01-30,205.95,1.0,0.59,0.59
NSE:NDTV-BE,2025-01-30,141.64,1.0,0.62,0.62
NSE:NECCLTD-EQ,2025-01-30,30.87,1.0,0.61,0.61
NSE:NECLIFE-BE,2025-01-30,32.3,0.0,0.5,0.5
NSE:NELCO-EQ,2025-01-30,991.5,1.0,0.59,0.59
NSE:NESTLEIND-EQ,2025-01-30,2217.35,1.0,0.57,0.57
NSE:NETWEB-EQ,2025-01-30,1727.85,0.0,0.5,0.5
NSE:NETWORK18-EQ,2025-01-30,51.49,1.0,0.55,0.55
NSE:NEWGEN-EQ,2025-01-30,1050.2,1.0,0.56,0.56
NSE:NEXT50IETF-EQ,2025-01-30,64.89,1.0,0.58,0.58
NSE:NFL-EQ,2025-01-30,104.23,1.0,0.61,0.61
NSE:NGIL-EQ,2025-01-30,40.26,1.0,0.56,0.56
NSE:NH-EQ,2025-01-30,1304.2,1.0,0.58,0.58
NSE:NHPC-EQ,2025-01-30,75.47,1.0,0.62,0.62
NSE:NIACL-EQ,2025-01-30,177.76,1.0,0.52,0.52
NSE:NIF100IETF-EQ,2025-01-30,26.29,1.0,0.57,0.57
NSE:NIFTY1-EQ,2025-01-30,253.33,1.0,0.56,0.56
NSE:NIFTYBEES-EQ,2025-01-30,260.22,1.0,0.56,0.56
NSE:NIFTYETF-EQ,2025-01-30,248.26,1.0,0.56,0.56
NSE:NIFTYIETF-EQ,2025-01-30,258.88,1.0,0.56,0.56
NSE:NIFTYQLITY-EQ,2025-01-30,20.62,1.0,0.54,0.54
NSE:NIITLTD-EQ,2025-01-30,145.15,1.0,0.55,0.55
NSE:NIITMTS-EQ,2025-01-30,470.05,1.0,0.61,0.61
NSE:NITCO-EQ,2025-01-30,128.35,1.0,0.58,0.58
NSE:NITINSPIN-EQ,2025-01-30,392.25,1.0,0.58,0.58
NSE:NIVABUPA-EQ,2025-01-30,79.49,1.0,0.55,0.55
NSE:NLCINDIA-EQ,2025-01-30,212.07,1.0,0.51,0.51
NSE:NMDC-EQ,2025-01-30,65.04,1.0,0.59,0.59
NSE:NOCIL-EQ,2025-01-30,227.05,1.0,0.57,0.57
NSE:NORTHARC-EQ,2025-01-30,194.41,1.0,0.57,0.57
NSE:NOVAAGRI-EQ,2025-01-30,61.03,0.0,0.5,0.5
NSE:NRBBEARING-EQ,2025-01-30,253.1,1.0,0.59,0.59
NSE:NRL-BE,2025-01-30,98.67,1.0,0.59,0.59
NSE:NSLNISP-EQ,2025-01-30,40.67,1.0,0.61,0.61
NSE:NTPC-EQ,2025-01-30,323.0,1.0,0.58,0.58
NSE:NTPCGREEN-EQ,2025-01-30,113.96,1.0,0.62,0.62
NSE:NUVAMA-EQ,2025-01-30,5349.1,1.0,0.57,0.57
NSE:NUVOCO-EQ,2025-01-30,346.75,1.0,0.56,0.56
NSE:NYKAA-EQ,2025-01-30,168.59,1.0,0.59,0.59
NSE:OBEROIRLTY-EQ,2025-01-30,1755.7,1.0,0.6,0.6
NSE:OCCLLTD-BE,2025-01-30,85.93,1.0,0.59,0.59
NSE:OFSS-EQ,2025-01-30,8994.6,1.0,0.51,0.51
NSE:OIL-EQ,2025-01-30,417.75,1.0,0.59,0.59
NSE:OLAELEC-EQ,2025-01-30,66.79,1.0,0.61,0.61
NSE:OLECTRA-EQ,2025-01-30,1424.45,1.0,0.54,0.54
NSE:OMAXE-EQ,2025-01-30,93.56,0.0,0.5,0.5
NSE:OMINFRAL-EQ,2025-01-30,141.11,1.0,0.54,0.54
NSE:ONEPOINT-BE,2025-01-30,53.4,1.0,0.59,0.59
NSE:ONESOURCE-EQ,2025-01-30,1623.7,1.0,0.56,0.56
NSE:ONGC-EQ,2025-01-30,256.72,1.0,0.6,0.6
NSE:ONMOBILE-EQ,2025-01-30,61.46,1.0,0.58,0.58
NSE:ONWARDTEC-BE,2025-01-30,254.95,1.0,0.61,0.61
NSE:OPTIEMUS-EQ,2025-01-30,643.65,1.0,0.53,0.53
NSE:ORICONENT-EQ,2025-01-30,39.17,1.0,0.58,0.58
NSE:ORIENTCEM-EQ,2025-01-30,339.5,1.0,0.59,0.59
NSE:ORIENTELEC-EQ,2025-01-30,219.94,1.0,0.58,0.58
NSE:ORIENTHOT-EQ,2025-01-30,149.8,1.0,0.55,0.55
NSE:ORIENTPPR-EQ,2025-01-30,30.8,1.0,0.58,0.58
NSE:ORIENTTECH-EQ,2025-01-30,441.35,0.0,0.5,0.5
NSE:OSIAHYPER-BE,2025-01-30,27.55,0.0,0.5,0.5
NSE:OSWALGREEN-EQ,2025-01-30,46.02,1.0,0.57,0.57
NSE:PAISALO-EQ,2025-01-30,43.48,1.0,0.55,0.55
NSE:PAKKA-EQ,2025-01-30,262.3,1.0,0.58,0.58
NSE:PANACEABIO-EQ,2025-01-30,325.35,1.0,0.54,0.54
NSE:PAR-BE,2025-01-30,185.41,1.0,0.56,0.56
NSE:PARACABLES-EQ,2025-01-30,70.24,1.0,0.6,0.6
NSE:PARADEEP-EQ,2025-01-30,112.51,1.0,0.56,0.56
NSE:PARAGMILK-EQ,2025-01-30,165.57,1.0,0.57,0.57
NSE:PARAS-EQ,2025-01-30,530.9,1.0,0.57,0.57
NSE:PARKHOTELS-EQ,2025-01-30,180.72,1.0,0.53,0.53
NSE:PARSVNATH-BE,2025-01-30,21.99,1.0,0.57,0.57
NSE:PATANJALI-EQ,2025-01-30,1839.35,1.0,0.59,0.59
NSE:PATELENG-EQ,2025-01-30,47.55,1.0,0.6,0.6
NSE:PATINTLOG-EQ,2025-01-30,18.51,1.0,0.55,0.55
NSE:PAYTM-EQ,2025-01-30,771.9,1.0,0.55,0.55
NSE:PCBL-EQ,2025-01-30,363.65,1.0,0.61,0.61
NSE:PDMJEPAPER-EQ,2025-01-30,139.68,1.0,0.54,0.54
NSE:PDSL-EQ,2025-01-30,484.65,1.0,0.57,0.57
NSE:PEL-EQ,2025-01-30,976.3,1.0,0.57,0.57
NSE:PENIND-EQ,2025-01-30,159.71,1.0,0.59,0.59
NSE:PENINLAND-EQ,2025-01-30,35.56,1.0,0.55,0.55
NSE:PERSISTENT-EQ,2025-01-30,6056.7,1.0,0.56,0.56
NSE:PETRONET-EQ,2025-01-30,300.6,1.0,0.57,0.57
NSE:PFC-EQ,2025-01-30,413.7,1.0,0.59,0.59
NSE:PFS-EQ,2025-01-30,36.39,1.0,0.52,0.52
NSE:PGEL-EQ,2025-01-30,720.45,1.0,0.58,0.58
NSE:PHARMABEES-EQ,2025-01-30,21.85,1.0,0.56,0.56
NSE:PHOENIXLTD-EQ,2025-01-30,1599.15,0.0,0.5,0.5
NSE:PIDILITIND-EQ,2025-01-30,2886.55,1.0,0.57,0.57
NSE:PIIND-EQ,2025-01-30,3456.6,1.0,0.59,0.59
NSE:PLATIND-EQ,2025-01-30,296.6,1.0,0.54,0.54
NSE:PNB-EQ,2025-01-30,96.52,1.0,0.61,0.61
NSE:PNBGILTS-EQ,2025-01-30,96.02,1.0,0.57,0.57
NSE:PNBHOUSING-EQ,2025-01-30,861.7,1.0,0.6,0.6
NSE:PNCINFRA-EQ,2025-01-30,307.35,1.0,0.55,0.55
NSE:PNGJL-EQ,2025-01-30,538.3,1.0,0.6,0.6
NSE:POCL-EQ,2025-01-30,655.7,1.0,0.52,0.52
NSE:POKARNA-EQ,2025-01-30,1126.5,1.0,0.56,0.56
NSE:POLICYBZR-EQ,2025-01-30,1656.1,1.0,0.54,0.54
NSE:POLYCAB-EQ,2025-01-30,5788.45,1.0,0.59,0.59
NSE:POLYMED-EQ,2025-01-30,2304.3,1.0,0.54,0.54
NSE:POLYPLEX-EQ,2025-01-30,1116.45,1.0,0.62,0.62
NSE:POONAWALLA-EQ,2025-01-30,308.6,1.0,0.59,0.59
NSE:POWERGRID-EQ,2025-01-30,295.35,1.0,0.55,0.55
NSE:POWERINDIA-EQ,2025-01-30,12277.5,1.0,0.57,0.57
NSE:POWERMECH-EQ,2025-01-30,2017.75,1.0,0.54,0.54
NSE:PPL-EQ,2025-01-30,446.35,1.0,0.62,0.62
NSE:PPLPHARMA-EQ,2025-01-30,231.25,1.0,0.55,0.55
NSE:PRAJIND-EQ,2025-01-30,635.85,1.0,0.55,0.55
NSE:PRAKASH-EQ,2025-01-30,156.02,1.0,0.55,0.55
NSE:PRECAM-EQ,2025-01-30,291.15,1.0,0.62,0.62
NSE:PRECWIRE-EQ,2025-01-30,158.09,1.0,0.57,0.57
NSE:PREMEXPLN-EQ,2025-01-30,427.8,1.0,0.58,0.58
NSE:PREMIERENE-EQ,2025-01-30,949.5,1.0,0.59,0.59
NSE:PRESTIGE-EQ,2025-01-30,1342.35,1.0,0.61,0.61
NSE:PRICOLLTD-EQ,2025-01-30,495.7,1.0,0.58,0.58
NSE:PRIMESECU-EQ,2025-01-30,263.25,1.0,0.56,0.56
NSE:PRINCEPIPE-EQ,2025-01-30,358.0,1.0,0.62,0.62
NSE:PRITIKAUTO-EQ,2025-01-30,21.99,1.0,0.55,0.55
NSE:PROZONER-EQ,2025-01-30,36.0,1.0,0.55,0.55
NSE:PRSMJOHNSN-EQ,2025-01-30,137.87,1.0,0.61,0.61
NSE:PRUDENT-EQ,2025-01-30,1989.1,1.0,0.58,0.58
NSE:PSB-EQ,2025-01-30,47.11,1.0,0.61,0.61
NSE:PSUBANK-EQ,2025-01-30,623.39,1.0,0.56,0.56
NSE:PSUBNKBEES-EQ,2025-01-30,69.43,1.0,0.55,0.55
NSE:PSUBNKIETF-EQ,2025-01-30,62.9,1.0,0.62,0.62
NSE:PTC-EQ,2025-01-30,140.89,1.0,0.58,0.58
NSE:PVP-EQ,2025-01-30,29.86,1.0,0.59,0.59
NSE:PVRINOX-EQ,2025-01-30,1068.8,1.0,0.61,0.61
NSE:PVTBANIETF-EQ,2025-01-30,24.36,1.0,0.56,0.56
NSE:PYRAMID-EQ,2025-01-30,172.31,1.0,0.57,0.57
NSE:QUADFUTURE-EQ,2025-01-30,532.1,1.0,0.54,0.54
NSE:QUAL30IETF-EQ,2025-01-30,20.48,1.0,0.55,0.55
NSE:QUESS-EQ,2025-01-30,585.8,1.0,0.52,0.52
NSE:QUICKHEAL-EQ,2025-01-30,441.95,1.0,0.58,0.58
NSE:RADHIKAJWE-EQ,2025-01-30,103.62,1.0,0.52,0.52
NSE:RADIANTCMS-EQ,2025-01-30,66.42,1.0,0.58,0.58
NSE:RADICO-EQ,2025-01-30,2198.8,1.0,0.52,0.52
NSE:RAILTEL-EQ,2025-01-30,384.05,1.0,0.59,0.59
NSE:RAIN-EQ,2025-01-30,142.99,1.0,0.58,0.58
NSE:RAINBOW-EQ,2025-01-30,1430.0,1.0,0.55,0.55
NSE:RAJESHEXPO-EQ,2025-01-30,185.59,1.0,0.59,0.59
NSE:RALLIS-EQ,2025-01-30,236.1,1.0,0.61,0.61
NSE:RAMANEWS-BE,2025-01-30,17.83,1.0,0.51,0.51
NSE:RAMAPHO-BE,2025-01-30,104.83,1.0,0.58,0.58
NSE:RAMCOCEM-EQ,2025-01-30,925.4,1.0,0.59,0.59
NSE:RAMCOSYS-BE,2025-01-30,353.1,1.0,0.57,0.57
NSE:RANASUG-EQ,2025-01-30,17.55,1.0,0.59,0.59
NSE:RATEGAIN-EQ,2025-01-30,705.05,1.0,0.58,0.58
NSE:RATNAVEER-EQ,2025-01-30,157.29,1.0,0.54,0.54
NSE:RAYMOND-EQ,2025-01-30,1515.85,1.0,0.59,0.59
NSE:RAYMONDLSL-EQ,2025-01-30,1531.05,1.0,0.59,0.59
NSE:RBA-EQ,2025-01-30,71.41,1.0,0.58,0.58
NSE:RBLBANK-EQ,2025-01-30,162.5,1.0,0.57,0.57
NSE:RBZJEWEL-EQ,2025-01-30,183.07,1.0,0.59,0.59
NSE:RCF-EQ,2025-01-30,157.83,1.0,0.55,0.55
NSE:RECLTD-EQ,2025-01-30,440.35,1.0,0.62,0.62
NSE:REDINGTON-EQ,2025-01-30,211.61,1.0,0.55,0.55
NSE:REDTAPE-EQ,2025-01-30,168.24,1.0,0.55,0.55
NSE:REFEX-EQ,2025-01-30,465.35,1.0,0.58,0.58
NSE:RELIANCE-EQ,2025-01-30,1253.05,1.0,0.59,0.59
NSE:RELIGARE-EQ,2025-01-30,239.5,1.0,0.57,0.57
NSE:RELINFRA-BE,2025-01-30,250.85,1.0,0.59,0.59
NSE:RELTD-BE,2025-01-30,122.64,1.0,0.58,0.58
NSE:REMSONSIND-EQ,2025-01-30,117.13,1.0,0.59,0.59
NSE:RENUKA-EQ,2025-01-30,37.21,1.0,0.62,0.62
NSE:REPCOHOME-EQ,2025-01-30,393.2,1.0,0.54,0.54
NSE:RESPONIND-EQ,2025-01-30,245.34,1.0,0.52,0.52
NSE:RGL-EQ,2025-01-30,161.0,1.0,0.6,0.6
NSE:RHIM-EQ,2025-01-30,467.3,1.0,0.58,0.58
NSE:RICOAUTO-EQ,2025-01-30,85.05,1.0,0.55,0.55
NSE:RIIL-EQ,2025-01-30,950.85,1.0,0.59,0.59
NSE:RITCO-EQ,2025-01-30,351.75,1.0,0.55,0.55
NSE:RITES-EQ,2025-01-30,258.35,1.0,0.6,0.6
NSE:RKFORGE-EQ,2025-01-30,756.3,1.0,0.56,0.56
NSE:ROTO-EQ,2025-01-30,90.67,1.0,0.61,0.61
NSE:RPEL-EQ,2025-01-30,605.55,1.0,0.52,0.52
NSE:RPOWER-BE,2025-01-30,38.67,1.0,0.6,0.6
NSE:RPPINFRA-EQ,2025-01-30,177.44,1.0,0.6,0.6
NSE:RPPL-EQ,2025-01-30,33.88,1.0,0.57,0.57
NSE:RPTECH-EQ,2025-01-30,340.9,1.0,0.61,0.61
NSE:RRKABEL-EQ,2025-01-30,1225.55,1.0,0.61,0.61
NSE:RSYSTEMS-EQ,2025-01-30,422.2,1.0,0.58,0.58
NSE:RTNINDIA-EQ,2025-01-30,53.25,1.0,0.58,0.58
NSE:RUSHIL-EQ,2025-01-30,27.98,1.0,0.6,0.6
NSE:RVNL-EQ,2025-01-30,436.9,1.0,0.61,0.61
NSE:SADBHAV-EQ,2025-01-30,18.81,1.0,0.54,0.54
NSE:SADHNANIQ-BE,2025-01-30,32.99,1.0,0.59,0.59
NSE:SAGILITY-EQ,2025-01-30,47.72,1.0,0.56,0.56
NSE:SAIL-EQ,2025-01-30,105.45,1.0,0.58,0.58
NSE:SAILIFE-EQ,2025-01-30,668.5,1.0,0.6,0.6
NSE:SAKHTISUG-EQ,2025-01-30,27.77,1.0,0.62,0.62
NSE:SAKSOFT-EQ,2025-01-30,194.2,1.0,0.59,0.59
NSE:SALSTEEL-EQ,2025-01-30,20.02,1.0,0.56,0.56
NSE:SALZERELEC-EQ,2025-01-30,1261.6,1.0,0.51,0.51
NSE:SAMHI-EQ,2025-01-30,179.9,1.0,0.54,0.54
NSE:SAMMAANCAP-EQ,2025-01-30,140.87,1.0,0.55,0.55
NSE:SANATHAN-EQ,2025-01-30,351.6,1.0,0.59,0.59
NSE:SANDUMA-EQ,2025-01-30,381.5,1.0,0.56,0.56
NSE:SANGHIIND-EQ,2025-01-30,58.1,1.0,0.58,0.58
NSE:SANGHVIMOV-EQ,2025-01-30,252.7,0.0,0.5,0.5
NSE:SANSERA-EQ,2025-01-30,1249.95,1.0,0.6,0.6
NSE:SANSTAR-EQ,2025-01-30,110.37,1.0,0.6,0.6
NSE:SAPPHIRE-EQ,2025-01-30,290.05,1.0,0.59,0.59
NSE:SARDAEN-EQ,2025-01-30,460.45,1.0,0.56,0.56
NSE:SAREGAMA-EQ,2025-01-30,471.75,1.0,0.57,0.57
NSE:SARLAPOLY-BE,2025-01-30,86.34,1.0,0.58,0.58
NSE:SATIA-EQ,2025-01-30,85.33,1.0,0.61,0.61
NSE:SATIN-EQ,2025-01-30,145.7,1.0,0.6,0.6
NSE:SBCL-EQ,2025-01-30,511.2,1.0,0.59,0.59
NSE:SBFC-EQ,2025-01-30,85.1,1.0,0.57,0.57
NSE:SBGLP-BE,2025-01-30,117.19,1.0,0.54,0.54
NSE:SBICARD-EQ,2025-01-30,774.8,1.0,0.6,0.6
NSE:SBILIFE-EQ,2025-01-30,1472.9,1.0,0.55,0.55
NSE:SBIN-EQ,2025-01-30,762.6,1.0,0.54,0.54
NSE:SBISILVER-EQ,2025-01-30,91.41,1.0,0.55,0.55
NSE:SCHAND-EQ,2025-01-30,189.82,1.0,0.57,0.57
NSE:SCHNEIDER-BE,2025-01-30,650.55,1.0,0.6,0.6
NSE:SCI-EQ,2025-01-30,190.81,1.0,0.63,0.63
NSE:SCILAL-EQ,2025-01-30,56.96,1.0,0.61,0.61
NSE:SDBL-EQ,2025-01-30,102.58,1.0,0.61,0.61
NSE:SDL26BEES-EQ,2025-01-30,126.61,1.0,0.57,0.57
NSE:SELAN-EQ,2025-01-30,707.4,1.0,0.51,0.51
NSE:SELECTIPO-EQ,2025-01-30,265.7,1.0,0.57,0.57
NSE:SENCO-EQ,2025-01-30,450.65,1.0,0.56,0.56
NSE:SENORES-EQ,2025-01-30,540.65,0.0,0.5,0.5
NSE:SEQUENT-EQ,2025-01-30,163.28,1.0,0.6,0.6
NSE:SERVOTECH-EQ,2025-01-30,141.69,1.0,0.57,0.57
NSE:SETFGOLD-EQ,2025-01-30,70.21,1.0,0.61,0.61
NSE:SETFNIF50-EQ,2025-01-30,246.11,1.0,0.56,0.56
NSE:SETFNIFBK-EQ,2025-01-30,501.3,1.0,0.56,0.56
NSE:SFL-EQ,2025-01-30,906.45,1.0,0.61,0.61
NSE:SGLTL-BE,2025-01-30,169.64,1.0,0.55,0.55
NSE:SHAKTIPUMP-EQ,2025-01-30,942.9,0.0,0.5,0.5
NSE:SHALBY-EQ,2025-01-30,218.61,1.0,0.6,0.6
NSE:SHALPAINTS-EQ,2025-01-30,135.18,1.0,0.62,0.62
NSE:SHARDACROP-EQ,2025-01-30,580.35,1.0,0.58,0.58
NSE:SHAREINDIA-EQ,2025-01-30,236.0,1.0,0.57,0.57
NSE:SHILPAMED-BE,2025-01-30,705.25,1.0,0.52,0.52
NSE:SHIVALIK-EQ,2025-01-30,757.7,1.0,0.56,0.56
NSE:SHIVAMAUTO-EQ,2025-01-30,37.52,1.0,0.57,0.57
NSE:SHK-EQ,2025-01-30,211.41,1.0,0.52,0.52
NSE:SHREDIGCEM-EQ,2025-01-30,72.24,1.0,0.62,0.62
NSE:SHREERAMA-EQ,2025-01-30,36.02,0.0,0.5,0.5
NSE:SHRIRAMFIN-EQ,2025-01-30,538.3,1.0,0.54,0.54
NSE:SHRIRAMPPS-EQ,2025-01-30,87.91,1.0,0.58,0.58
NSE:SHYAMMETL-EQ,2025-01-30,779.6,1.0,0.51,0.51
NSE:SIEMENS-EQ,2025-01-30,5874.75,1.0,0.58,0.58
NSE:SIGACHI-EQ,2025-01-30,45.49,1.0,0.56,0.56
NSE:SIGNATURE-EQ,2025-01-30,1186.9,1.0,0.61,0.61
NSE:SIKKO-EQ,2025-01-30,90.3,1.0,0.58,0.58
NSE:SILGO-BE,2025-01-30,28.73,1.0,0.58,0.58
NSE:SILVER-EQ,2025-01-30,92.86,1.0,0.55,0.55
NSE:SILVER1-EQ,2025-01-30,90.67,1.0,0.58,0.58
NSE:SILVERBEES-EQ,2025-01-30,89.5,1.0,0.55,0.55
NSE:SILVERETF-EQ,2025-01-30,90.41,1.0,0.55,0.55
NSE:SILVERIETF-EQ,2025-01-30,92.88,1.0,0.56,0.56
NSE:SINCLAIR-EQ,2025-01-30,99.2,1.0,0.53,0.53
NSE:SINDHUTRAD-EQ,2025-01-30,17.71,1.0,0.57,0.57
NSE:SIS-EQ,2025-01-30,330.8,1.0,0.53,0.53
NSE:SIYSIL-EQ,2025-01-30,769.85,1.0,0.54,0.54
NSE:SJS-EQ,2025-01-30,914.3,1.0,0.58,0.58
NSE:SJVN-EQ,2025-01-30,94.64,1.0,0.6,0.6
NSE:SKIPPER-EQ,2025-01-30,424.65,1.0,0.54,0.54
NSE:SKYGOLD-EQ,2025-01-30,321.0,1.0,0.58,0.58
NSE:SMALLCAP-EQ,2025-01-30,42.82,1.0,0.61,0.61
NSE:SMCGLOBAL-EQ,2025-01-30,126.88,1.0,0.54,0.54
NSE:SMSPHARMA-EQ,2025-01-30,200.02,1.0,0.59,0.59
NSE:SNOWMAN-EQ,2025-01-30,61.81,1.0,0.57,0.57
NSE:SOBHA-EQ,2025-01-30,1299.55,1.0,0.55,0.55
NSE:SOLARA-EQ,2025-01-30,496.5,1.0,0.51,0.51
NSE:SOLARINDS-EQ,2025-01-30,10063.7,1.0,0.58,0.58
NSE:SONACOMS-EQ,2025-01-30,503.8,1.0,0.61,0.61
NSE:SONAMLTD-EQ,2025-01-30,52.5,1.0,0.57,0.57
NSE:SONATSOFTW-EQ,2025-01-30,522.15,1.0,0.58,0.58
NSE:SOUTHBANK-EQ,2025-01-30,25.88,1.0,0.62,0.62
NSE:SPANDANA-EQ,2025-01-30,314.25,1.0,0.57,0.57
NSE:SPARC-EQ,2025-01-30,157.83,1.0,0.61,0.61
NSE:SPENCERS-EQ,2025-01-30,80.47,1.0,0.55,0.55
NSE:SPIC-EQ,2025-01-30,75.06,1.0,0.57,0.57
NSE:SPLIL-BE,2025-01-30,55.35,1.0,0.57,0.57
NSE:SPMLINFRA-EQ,2025-01-30,173.9,1.0,0.54,0.54
NSE:SPORTKING-EQ,2025-01-30,90.26,1.0,0.54,0.54
NSE:SRF-EQ,2025-01-30,2831.15,1.0,0.55,0.55
NSE:SSWL-EQ,2025-01-30,194.95,1.0,0.58,0.58
NSE:STALLION-EQ,2025-01-30,102.92,1.0,0.56,0.56
NSE:STANLEY-EQ,2025-01-30,334.9,1.0,0.56,0.56
NSE:STAR-EQ,2025-01-30,658.65,1.0,0.59,0.59
NSE:STARCEMENT-EQ,2025-01-30,211.19,1.0,0.6,0.6
NSE:STARHEALTH-EQ,2025-01-30,434.95,1.0,0.58,0.58
NSE:STCINDIA-BE,2025-01-30,138.54,1.0,0.51,0.51
NSE:STERTOOLS-EQ,2025-01-30,489.65,1.0,0.52,0.52
NSE:STLTECH-EQ,2025-01-30,105.78,1.0,0.55,0.55
NSE:STOVEKRAFT-EQ,2025-01-30,807.55,1.0,0.55,0.55
NSE:STYLEBAAZA-EQ,2025-01-30,269.95,1.0,0.52,0.52
NSE:STYRENIX-EQ,2025-01-30,2580.1,0.0,0.5,0.5
NSE:SUBEXLTD-BE,2025-01-30,18.05,1.0,0.61,0.61
NSE:SUBROS-EQ,2025-01-30,635.2,1.0,0.59,0.59
NSE:SUDARSCHEM-EQ,2025-01-30,1052.5,1.0,0.6,0.6
NSE:SULA-EQ,2025-01-30,346.25,1.0,0.61,0.61
NSE:SUMICHEM-EQ,2025-01-30,519.4,0.0,0.5,0.5
NSE:SUNDARMHLD-EQ,2025-01-30,287.6,1.0,0.51,0.51
NSE:SUNDRMFAST-EQ,2025-01-30,998.65,1.0,0.57,0.57
NSE:SUNFLAG-EQ,2025-01-30,225.0,1.0,0.54,0.54
NSE:SUNPHARMA-EQ,2025-01-30,1739.1,1.0,0.58,0.58
NSE:SUNTECK-EQ,2025-01-30,470.2,1.0,0.61,0.61
NSE:SUNTV-EQ,2025-01-30,631.4,1.0,0.61,0.61
NSE:SUPRAJIT-EQ,2025-01-30,391.85,1.0,0.58,0.58
NSE:SUPREMEIND-EQ,2025-01-30,3773.05,1.0,0.55,0.55
NSE:SUPRIYA-EQ,2025-01-30,715.9,1.0,0.57,0.57
NSE:SURAJEST-EQ,2025-01-30,409.85,1.0,0.57,0.57
NSE:SURAKSHA-EQ,2025-01-30,307.85,1.0,0.59,0.59
NSE:SURANASOL-EQ,2025-01-30,37.44,1.0,0.59,0.59
NSE:SURANAT&P-EQ,2025-01-30,20.88,1.0,0.54,0.54
NSE:SURYAROSNI-EQ,2025-01-30,266.3,1.0,0.55,0.55
NSE:SURYODAY-EQ,2025-01-30,121.53,1.0,0.61,0.61
NSE:SUVEN-BE,2025-01-30,116.38,1.0,0.57,0.57
NSE:SUZLON-EQ,2025-01-30,55.4,1.0,0.59,0.59
NSE:SWANENERGY-EQ,2025-01-30,534.05,1.0,0.55,0.55
NSE:SWIGGY-EQ,2025-01-30,404.75,1.0,0.52,0.52
NSE:SWSOLAR-EQ,2025-01-30,327.1,1.0,0.57,0.57
NSE:SYNCOMF-BE,2025-01-30,17.63,1.0,0.62,0.62
NSE:SYNGENE-EQ,2025-01-30,759.7,1.0,0.55,0.55
NSE:SYRMA-EQ,2025-01-30,536.1,1.0,0.58,0.58
NSE:TAJGVK-EQ,2025-01-30,354.0,1.0,0.59,0.59
NSE:TANLA-EQ,2025-01-30,542.65,1.0,0.61,0.61
NSE:TARACHAND-EQ,2025-01-30,49.9,1.0,0.54,0.54
NSE:TARIL-EQ,2025-01-30,453.18,1.0,0.59,0.59
NSE:TATACHEM-EQ,2025-01-30,967.95,1.0,0.59,0.59
NSE:TATACOMM-EQ,2025-01-30,1586.95,1.0,0.55,0.55
NSE:TATACONSUM-EQ,2025-01-30,966.7,1.0,0.58,0.58
NSE:TATAELXSI-EQ,2025-01-30,6135.7,1.0,0.57,0.57
NSE:TATAMOTORS-EQ,2025-01-30,696.85,1.0,0.59,0.59
NSE:TATAPOWER-EQ,2025-01-30,352.15,1.0,0.57,0.57
NSE:TATASTEEL-EQ,2025-01-30,131.12,1.0,0.58,0.58
NSE:TATATECH-EQ,2025-01-30,777.15,1.0,0.59,0.59
NSE:TBZ-EQ,2025-01-30,178.03,1.0,0.61,0.61
NSE:TCS-EQ,2025-01-30,4100.05,1.0,0.56,0.56
NSE:TDPOWERSYS-EQ,2025-01-30,344.65,1.0,0.54,0.54
NSE:TECHM-EQ,2025-01-30,1670.1,1.0,0.62,0.62
NSE:TECHNOE-EQ,2025-01-30,1071.8,1.0,0.57,0.57
NSE:TEJASNET-EQ,2025-01-30,866.0,1.0,0.53,0.53
NSE:TEMBO-BE,2025-01-30,668.8,1.0,0.58,0.58
NSE:TEXINFRA-EQ,2025-01-30,133.17,0.0,0.5,0.5
NSE:TEXRAIL-EQ,2025-01-30,185.88,1.0,0.55,0.55
NSE:TFCILTD-EQ,2025-01-30,139.61,1.0,0.61,0.61
NSE:THEMISMED-EQ,2025-01-30,223.8,1.0,0.58,0.58
NSE:THOMASCOOK-EQ,2025-01-30,153.78,1.0,0.61,0.61
NSE:THYROCARE-EQ,2025-01-30,777.15,1.0,0.56,0.56
NSE:TI-EQ,2025-01-30,364.5,1.0,0.55,0.55
NSE:TICL-BE,2025-01-30,52.6,1.0,0.57,0.57
NSE:TIINDIA-EQ,2025-01-30,3288.55,1.0,0.58,0.58
NSE:TIMETECHNO-EQ,2025-01-30,383.1,1.0,0.56,0.56
NSE:TIPSMUSIC-EQ,2025-01-30,633.55,1.0,0.59,0.59
NSE:TIRUMALCHM-EQ,2025-01-30,240.25,1.0,0.57,0.57
NSE:TIRUPATIFL-BE,2025-01-30,46.4,0.0,0.5,0.5
NSE:TITAGARH-EQ,2025-01-30,959.85,1.0,0.52,0.52
NSE:TITAN-EQ,2025-01-30,3368.4,1.0,0.57,0.57
NSE:TMB-EQ,2025-01-30,423.95,1.0,0.59,0.59
NSE:TNPETRO-EQ,2025-01-30,77.91,1.0,0.57,0.57
NSE:TNPL-EQ,2025-01-30,168.38,1.0,0.6,0.6
NSE:TOLINS-EQ,2025-01-30,163.98,1.0,0.54,0.54
NSE:TOP10ADD-EQ,2025-01-30,92.21,1.0,0.55,0.55
NSE:TORNTPHARM-EQ,2025-01-30,3358.25,1.0,0.56,0.56
NSE:TORNTPOWER-EQ,2025-01-30,1453.35,1.0,0.62,0.62
NSE:TPLPLASTEH-EQ,2025-01-30,88.01,1.0,0.61,0.61
NSE:TRACXN-EQ,2025-01-30,69.42,1.0,0.59,0.59
NSE:TRANSRAILL-EQ,2025-01-30,539.4,1.0,0.52,0.52
NSE:TREL-EQ,2025-01-30,34.95,1.0,0.58,0.58
NSE:TRENT-EQ,2025-01-30,5511.2,1.0,0.61,0.61
NSE:TRIDENT-EQ,2025-01-30,30.7,1.0,0.61,0.61
NSE:TRIGYN-EQ,2025-01-30,105.01,1.0,0.59,0.59
NSE:TRITURBINE-EQ,2025-01-30,634.95,1.0,0.54,0.54
NSE:TRIVENI-EQ,2025-01-30,384.65,1.0,0.56,0.56
NSE:TTML-BE,2025-01-30,70.62,1.0,0.56,0.56
NSE:TVSMOTOR-EQ,2025-01-30,2455.25,1.0,0.61,0.61
NSE:TVSSCS-EQ,2025-01-30,139.28,1.0,0.55,0.55
NSE:UBL-EQ,2025-01-30,2124.4,1.0,0.61,0.61
NSE:UCOBANK-EQ,2025-01-30,42.85,1.0,0.56,0.56
NSE:UDAICEMENT-EQ,2025-01-30,28.97,1.0,0.59,0.59
NSE:UDS-EQ,2025-01-30,335.85,1.0,0.58,0.58
NSE:UFO-EQ,2025-01-30,96.49,1.0,0.56,0.56
NSE:UGARSUGAR-EQ,2025-01-30,50.11,1.0,0.58,0.58
NSE:UGROCAP-EQ,2025-01-30,193.98,1.0,0.6,0.6
NSE:UJJIVANSFB-EQ,2025-01-30,35.38,1.0,0.56,0.56
NSE:ULTRACEMCO-EQ,2025-01-30,11479.4,1.0,0.58,0.58
NSE:UNIECOM-EQ,2025-01-30,138.61,1.0,0.58,0.58
NSE:UNIMECH-BE,2025-01-30,1274.45,1.0,0.57,0.57
NSE:UNIONBANK-EQ,2025-01-30,111.05,1.0,0.6,0.6
NSE:UNIPARTS-EQ,2025-01-30,347.15,1.0,0.58,0.58
NSE:UNITDSPR-EQ,2025-01-30,1426.9,1.0,0.57,0.57
NSE:UNITEDPOLY-EQ,2025-01-30,16.33,1.0,0.53,0.53
NSE:UNOMINDA-EQ,2025-01-30,907.05,1.0,0.6,0.6
NSE:UPL-EQ,2025-01-30,566.95,1.0,0.53,0.53
NSE:URJA-EQ,2025-01-30,15.05,1.0,0.55,0.55
NSE:USHAMART-EQ,2025-01-30,350.45,1.0,0.52,0.52
NSE:USK-EQ,2025-01-30,48.5,1.0,0.52,0.52
NSE:UTIAMC-EQ,2025-01-30,1010.5,1.0,0.55,0.55
NSE:UTIBANKETF-EQ,2025-01-30,50.43,1.0,0.56,0.56
NSE:UTINEXT50-EQ,2025-01-30,66.25,1.0,0.54,0.54
NSE:UTINIFTETF-EQ,2025-01-30,253.02,1.0,0.56,0.56
NSE:UTKARSHBNK-EQ,2025-01-30,29.66,1.0,0.58,0.58
NSE:UYFINCORP-EQ,2025-01-30,21.53,1.0,0.59,0.59
NSE:VAIBHAVGBL-EQ,2025-01-30,278.75,1.0,0.56,0.56
NSE:VAISHALI-EQ,2025-01-30,16.26,1.0,0.53,0.53
NSE:VAKRANGEE-BE,2025-01-30,26.61,1.0,0.58,0.58
NSE:VARROC-EQ,2025-01-30,551.9,1.0,0.62,0.62
NSE:VASCONEQ-EQ,2025-01-30,48.26,1.0,0.54,0.54
NSE:VASWANI-BE,2025-01-30,51.15,1.0,0.53,0.53
NSE:VBL-EQ,2025-01-30,540.6,1.0,0.57,0.57
NSE:VEDL-EQ,2025-01-30,432.45,1.0,0.56,0.56
NSE:VENTIVE-EQ,2025-01-30,698.6,1.0,0.57,0.57
NSE:VENUSPIPES-EQ,2025-01-30,1264.65,1.0,0.55,0.55
NSE:VERANDA-EQ,2025-01-30,228.1,1.0,0.57,0.57
NSE:VESUVIUS-EQ,2025-01-30,416.95,0.0,0.5,0.5
NSE:VGUARD-EQ,2025-01-30,364.35,1.0,0.54,0.54
NSE:VIDHIING-EQ,2025-01-30,503.8,1.0,0.54,0.54
NSE:VIJAYA-EQ,2025-01-30,1017.55,1.0,0.52,0.52
NSE:VIMTALABS-EQ,2025-01-30,416.33,1.0,0.6,0.6
NSE:VINATIORGA-EQ,2025-01-30,1641.85,1.0,0.59,0.59
NSE:VINCOFE-EQ,2025-01-30,115.06,1.0,0.55,0.55
NSE:VIPCLOTHNG-EQ,2025-01-30,40.08,0.0,0.5,0.5
NSE:VIPIND-EQ,2025-01-30,371.05,1.0,0.58,0.58
NSE:VIPULLTD-BE,2025-01-30,16.15,1.0,0.58,0.58
NSE:VIRINCHI-EQ,2025-01-30,29.93,1.0,0.62,0.62
NSE:VISAKAIND-BE,2025-01-30,83.42,1.0,0.51,0.51
NSE:VISHNU-EQ,2025-01-30,422.8,1.0,0.55,0.55
NSE:VLEGOV-BE,2025-01-30,156.58,1.0,0.55,0.55
NSE:VMART-EQ,2025-01-30,771.81,1.0,0.59,0.59
NSE:VMM-EQ,2025-01-30,106.45,1.0,0.57,0.57
NSE:VOLTAS-EQ,2025-01-30,1269.3,1.0,0.52,0.52
NSE:VPRPL-EQ,2025-01-30,242.95,1.0,0.59,0.59
NSE:VSTIND-EQ,2025-01-30,319.15,1.0,0.55,0.55
NSE:VTL-EQ,2025-01-30,460.15,1.0,0.58,0.58
NSE:WAAREEENER-EQ,2025-01-30,2197.1,1.0,0.58,0.58
NSE:WABAG-EQ,2025-01-30,1330.9,1.0,0.59,0.59
NSE:WALCHANNAG-BE,2025-01-30,222.5,1.0,0.58,0.58
NSE:WANBURY-BE,2025-01-30,226.95,1.0,0.57,0.57
NSE:WCIL-EQ,2025-01-30,101.62,1.0,0.6,0.6
NSE:WEBELSOLAR-EQ,2025-01-30,1282.8,0.0,0.5,0.5
NSE:WEL-EQ,2025-01-30,170.0,1.0,0.62,0.62
NSE:WELCORP-EQ,2025-01-30,721.75,1.0,0.52,0.52
NSE:WELENT-EQ,2025-01-30,601.5,1.0,0.54,0.54
NSE:WELSPUNLIV-EQ,2025-01-30,140.15,1.0,0.58,0.58
NSE:WHIRLPOOL-EQ,2025-01-30,1260.8,1.0,0.59,0.59
NSE:WINDMACHIN-EQ,2025-01-30,301.3,1.0,0.61,0.61
NSE:WIPRO-EQ,2025-01-30,309.0,1.0,0.59,0.59
NSE:WOCKPHARMA-EQ,2025-01-30,1288.1,1.0,0.55,0.55
NSE:WONDERLA-EQ,2025-01-30,709.0,1.0,0.59,0.59
NSE:WSI-BE,2025-01-30,102.24,1.0,0.59,0.59
NSE:WSTCSTPAPR-EQ,2025-01-30,513.7,1.0,0.57,0.57
NSE:XCHANGING-EQ,2025-01-30,102.55,1.0,0.57,0.57
NSE:YATHARTH-EQ,2025-01-30,424.85,1.0,0.54,0.54
NSE:YATRA-EQ,2025-01-30,95.57,1.0,0.6,0.6
NSE:YESBANK-EQ,2025-01-30,18.95,1.0,0.6,0.6
NSE:ZAGGLE-EQ,2025-01-30,464.8,1.0,0.59,0.59
NSE:ZEEL-EQ,2025-01-30,104.44,1.0,0.55,0.55
NSE:ZEEMEDIA-EQ,2025-01-30,16.6,1.0,0.56,0.56
NSE:ZENSARTECH-EQ,2025-01-30,860.05,1.0,0.59,0.59
NSE:ZENTEC-EQ,2025-01-30,1685.2,1.0,0.57,0.57
NSE:ZUARI-EQ,2025-01-30,197.63,1.0,0.61,0.61
NSE:ZYDUSLIFE-EQ,2025-01-30,953.45,1.0,0.6,0.6
